======================================================================
P5-01 本地化母版基线回测
区间: 2019-12-06 ~ 2026-06-12
配置: 母版策略 + O7池 + score_mode=baseline + nav_mode=parity
输出: D:\Work Space\他山之石\七星高照ETF轮动\qixing_optimize\runs\p5_01_localization_baseline
======================================================================
[INIT] NAV适配器: 已加载
[INIT] NAV文件: D:\Work Space\HData\data\processed\fund_nav\qixing_fund_nav.parquet
[PERF] 已注册活跃证券集合: 8 只 -> ['518880.XSHG', '159985.XSHE', '501018.XSHG', '161226.XSHE', '513100.XSHG', '159915.XSHE', '511220.XSHG', '511880.XSHG']
[PERF] patched load_1d_etf: 强制全列读取 + 清空已污染缓存
[PERF] patched attribute_history: 多字段拆分 + fq='pre' 前复权
[PERF] patched has_zero_fee_fallback: 511880→False
[PERF] patched _get_instrument_type: 50xxxx→etf (LOF)
[PERF] patched price_decimals: 50xxxx→3 (LOF 3位小数)
[PERF] patched get_trade_price: order=True, core=True

[NAV_PRECHECK] 模式=parity  区间=2019-12-06~2026-06-12  交易日数=1578
[NAV_PRECHECK] 策略需要前一交易日 NAV: 首日 2019-12-06 的前一交易日 = 2019-12-05
[NAV_PRECHECK] 需要的 NAV 日期数: 1578（含回测首日前一交易日）
[NAV_PRECHECK] 风险池 7 只 + 防御 511880.XSHG = 总 8 只
[NAV_PRECHECK] NAV 覆盖不足（<100%）的风险池 ETF: 0 只
[NAV_PRECHECK] ✅ 允许继续运行
[NAV_PRECHECK] 审计报告已写入: D:\Work Space\他山之石\七星高照ETF轮动\qixing_optimize\audits\NAV_COVERAGE_REPORT.md
[NAV_PRECHECK] 审计 JSON 已写入: D:\Work Space\他山之石\七星高照ETF轮动\qixing_optimize\audits\nav_coverage.json
Progress: 0/1578 days processed: 2019-12-06
  [TIMING] day=0 elapsed=5.45s total=5s
Progress: 1/1578 days processed: 2019-12-09
  [TIMING] day=1 elapsed=0.82s total=6s
Progress: 2/1578 days processed: 2019-12-10
  [TIMING] day=2 elapsed=0.89s total=7s
Progress: 3/1578 days processed: 2019-12-11
  [TIMING] day=3 elapsed=0.83s total=8s
Progress: 4/1578 days processed: 2019-12-12
  [TIMING] day=4 elapsed=0.78s total=9s
Progress: 5/1578 days processed: 2019-12-13
  [TIMING] day=5 elapsed=0.80s total=10s
Progress: 6/1578 days processed: 2019-12-16
  [TIMING] day=6 elapsed=0.81s total=10s
Progress: 7/1578 days processed: 2019-12-17
  [TIMING] day=7 elapsed=0.74s total=11s
Progress: 8/1578 days processed: 2019-12-18
  [TIMING] day=8 elapsed=0.84s total=12s
Progress: 9/1578 days processed: 2019-12-19
  [TIMING] day=9 elapsed=0.94s total=13s
Progress: 10/1578 days processed: 2019-12-20
  [TIMING] day=10 elapsed=0.87s total=14s
Progress: 11/1578 days processed: 2019-12-23
  [TIMING] day=11 elapsed=0.78s total=15s
Progress: 12/1578 days processed: 2019-12-24
  [TIMING] day=12 elapsed=0.76s total=15s
Progress: 13/1578 days processed: 2019-12-25
  [TIMING] day=13 elapsed=0.69s total=16s
Progress: 14/1578 days processed: 2019-12-26
  [TIMING] day=14 elapsed=0.88s total=17s
Progress: 15/1578 days processed: 2019-12-27
  [TIMING] day=15 elapsed=0.77s total=18s
Progress: 16/1578 days processed: 2019-12-30
  [TIMING] day=16 elapsed=0.80s total=18s
Progress: 17/1578 days processed: 2019-12-31
  [TIMING] day=17 elapsed=0.76s total=19s
Progress: 18/1578 days processed: 2020-01-02
  [TIMING] day=18 elapsed=12.29s total=32s
Progress: 19/1578 days processed: 2020-01-03
  [TIMING] day=19 elapsed=4.23s total=36s
Progress: 20/1578 days processed: 2020-01-06
  [TIMING] day=20 elapsed=4.93s total=41s
Progress: 21/1578 days processed: 2020-01-07
  [TIMING] day=21 elapsed=4.43s total=45s
Progress: 22/1578 days processed: 2020-01-08
  [TIMING] day=22 elapsed=4.25s total=49s
Progress: 23/1578 days processed: 2020-01-09
  [TIMING] day=23 elapsed=3.95s total=53s
Progress: 24/1578 days processed: 2020-01-10
  [TIMING] day=24 elapsed=4.16s total=57s
Progress: 25/1578 days processed: 2020-01-13
  [TIMING] day=25 elapsed=4.59s total=62s
Progress: 26/1578 days processed: 2020-01-14
  [TIMING] day=26 elapsed=4.48s total=67s
Progress: 27/1578 days processed: 2020-01-15
  [TIMING] day=27 elapsed=4.38s total=71s
Progress: 28/1578 days processed: 2020-01-16
  [TIMING] day=28 elapsed=4.59s total=76s
Progress: 29/1578 days processed: 2020-01-17
  [TIMING] day=29 elapsed=4.47s total=80s
Progress: 30/1578 days processed: 2020-01-20
  [TIMING] day=30 elapsed=4.77s total=85s
Progress: 31/1578 days processed: 2020-01-21
  [TIMING] day=31 elapsed=4.34s total=89s
Progress: 32/1578 days processed: 2020-01-22
  [TIMING] day=32 elapsed=4.53s total=94s
Progress: 33/1578 days processed: 2020-01-23
  [TIMING] day=33 elapsed=4.43s total=98s
Progress: 34/1578 days processed: 2020-02-03
  [TIMING] day=34 elapsed=3.95s total=102s
Progress: 35/1578 days processed: 2020-02-04
  [TIMING] day=35 elapsed=4.57s total=107s
Progress: 36/1578 days processed: 2020-02-05
  [TIMING] day=36 elapsed=4.73s total=111s
Progress: 37/1578 days processed: 2020-02-06
  [TIMING] day=37 elapsed=4.52s total=116s
Progress: 38/1578 days processed: 2020-02-07
  [TIMING] day=38 elapsed=4.46s total=120s
Progress: 39/1578 days processed: 2020-02-10
  [TIMING] day=39 elapsed=4.30s total=125s
Progress: 40/1578 days processed: 2020-02-11
  [TIMING] day=40 elapsed=4.21s total=129s
Progress: 41/1578 days processed: 2020-02-12
  [TIMING] day=41 elapsed=4.27s total=133s
Progress: 42/1578 days processed: 2020-02-13
  [TIMING] day=42 elapsed=4.29s total=137s
Progress: 43/1578 days processed: 2020-02-14
  [TIMING] day=43 elapsed=4.36s total=142s
Progress: 44/1578 days processed: 2020-02-17
  [TIMING] day=44 elapsed=4.37s total=146s
Progress: 45/1578 days processed: 2020-02-18
  [TIMING] day=45 elapsed=4.15s total=150s
Progress: 46/1578 days processed: 2020-02-19
  [TIMING] day=46 elapsed=4.13s total=154s
Progress: 47/1578 days processed: 2020-02-20
  [TIMING] day=47 elapsed=4.21s total=159s
Progress: 48/1578 days processed: 2020-02-21
  [TIMING] day=48 elapsed=4.04s total=163s
Progress: 49/1578 days processed: 2020-02-24
  [TIMING] day=49 elapsed=4.02s total=167s
Progress: 50/1578 days processed: 2020-02-25
  [TIMING] day=50 elapsed=3.85s total=170s
Progress: 51/1578 days processed: 2020-02-26
  [TIMING] day=51 elapsed=3.90s total=174s
Progress: 52/1578 days processed: 2020-02-27
  [TIMING] day=52 elapsed=3.79s total=178s
Progress: 53/1578 days processed: 2020-02-28
  [TIMING] day=53 elapsed=3.63s total=182s
Progress: 54/1578 days processed: 2020-03-02
  [TIMING] day=54 elapsed=3.80s total=186s
Progress: 55/1578 days processed: 2020-03-03
  [TIMING] day=55 elapsed=3.90s total=189s
Progress: 56/1578 days processed: 2020-03-04
  [TIMING] day=56 elapsed=3.87s total=193s
Progress: 57/1578 days processed: 2020-03-05
  [TIMING] day=57 elapsed=3.85s total=197s
Progress: 58/1578 days processed: 2020-03-06
  [TIMING] day=58 elapsed=3.73s total=201s
Progress: 59/1578 days processed: 2020-03-09
  [TIMING] day=59 elapsed=3.49s total=204s
Progress: 60/1578 days processed: 2020-03-10
  [TIMING] day=60 elapsed=3.85s total=208s
Progress: 61/1578 days processed: 2020-03-11
  [TIMING] day=61 elapsed=3.74s total=212s
Progress: 62/1578 days processed: 2020-03-12
  [TIMING] day=62 elapsed=3.47s total=215s
Progress: 63/1578 days processed: 2020-03-13
  [TIMING] day=63 elapsed=3.28s total=219s
Progress: 64/1578 days processed: 2020-03-16
  [TIMING] day=64 elapsed=3.44s total=222s
Progress: 65/1578 days processed: 2020-03-17
  [TIMING] day=65 elapsed=3.17s total=225s
Progress: 66/1578 days processed: 2020-03-18
  [TIMING] day=66 elapsed=3.61s total=229s
Progress: 67/1578 days processed: 2020-03-19
  [TIMING] day=67 elapsed=3.67s total=233s
Progress: 68/1578 days processed: 2020-03-20
  [TIMING] day=68 elapsed=3.54s total=236s
Progress: 69/1578 days processed: 2020-03-23
  [TIMING] day=69 elapsed=3.63s total=240s
Progress: 70/1578 days processed: 2020-03-24
  [TIMING] day=70 elapsed=3.68s total=243s
Progress: 71/1578 days processed: 2020-03-25
  [TIMING] day=71 elapsed=3.57s total=247s
Progress: 72/1578 days processed: 2020-03-26
  [TIMING] day=72 elapsed=3.52s total=251s
Progress: 73/1578 days processed: 2020-03-27
  [TIMING] day=73 elapsed=3.89s total=254s
Progress: 74/1578 days processed: 2020-03-30
  [TIMING] day=74 elapsed=3.36s total=258s
Progress: 75/1578 days processed: 2020-03-31
  [TIMING] day=75 elapsed=3.67s total=261s
Progress: 76/1578 days processed: 2020-04-01
  [TIMING] day=76 elapsed=3.51s total=265s
Progress: 77/1578 days processed: 2020-04-02
  [TIMING] day=77 elapsed=3.49s total=268s
Progress: 78/1578 days processed: 2020-04-03
  [TIMING] day=78 elapsed=3.53s total=272s
Progress: 79/1578 days processed: 2020-04-07
  [TIMING] day=79 elapsed=3.69s total=276s
Progress: 80/1578 days processed: 2020-04-08
  [TIMING] day=80 elapsed=3.57s total=279s
Progress: 81/1578 days processed: 2020-04-09
  [TIMING] day=81 elapsed=3.46s total=283s
Progress: 82/1578 days processed: 2020-04-10
  [TIMING] day=82 elapsed=3.62s total=286s
Progress: 83/1578 days processed: 2020-04-13
  [TIMING] day=83 elapsed=3.48s total=290s
Progress: 84/1578 days processed: 2020-04-14
  [TIMING] day=84 elapsed=3.58s total=293s
Progress: 85/1578 days processed: 2020-04-15
  [TIMING] day=85 elapsed=3.48s total=297s
Progress: 86/1578 days processed: 2020-04-16
  [TIMING] day=86 elapsed=3.57s total=300s
Progress: 87/1578 days processed: 2020-04-17
  [TIMING] day=87 elapsed=3.54s total=304s
Progress: 88/1578 days processed: 2020-04-20
  [TIMING] day=88 elapsed=3.63s total=308s
Progress: 89/1578 days processed: 2020-04-21
  [TIMING] day=89 elapsed=3.46s total=311s
Progress: 90/1578 days processed: 2020-04-22
  [TIMING] day=90 elapsed=3.75s total=315s
Progress: 91/1578 days processed: 2020-04-23
  [TIMING] day=91 elapsed=3.51s total=318s
Progress: 92/1578 days processed: 2020-04-24
  [TIMING] day=92 elapsed=3.63s total=322s
Progress: 93/1578 days processed: 2020-04-27
  [TIMING] day=93 elapsed=3.36s total=325s
Progress: 94/1578 days processed: 2020-04-28
  [TIMING] day=94 elapsed=3.52s total=329s
Progress: 95/1578 days processed: 2020-04-29
  [TIMING] day=95 elapsed=3.52s total=332s
Progress: 96/1578 days processed: 2020-04-30
  [TIMING] day=96 elapsed=3.41s total=336s
Progress: 97/1578 days processed: 2020-05-06
  [TIMING] day=97 elapsed=3.37s total=339s
Progress: 98/1578 days processed: 2020-05-07
  [TIMING] day=98 elapsed=3.48s total=343s
Progress: 99/1578 days processed: 2020-05-08
  [TIMING] day=99 elapsed=3.74s total=346s
Progress: 100/1578 days processed: 2020-05-11
  [TIMING] day=100 elapsed=3.47s total=350s
Progress: 101/1578 days processed: 2020-05-12
  [TIMING] day=101 elapsed=3.43s total=353s
Progress: 102/1578 days processed: 2020-05-13
  [TIMING] day=102 elapsed=3.38s total=357s
Progress: 103/1578 days processed: 2020-05-14
  [TIMING] day=103 elapsed=3.27s total=360s
Progress: 104/1578 days processed: 2020-05-15
  [TIMING] day=104 elapsed=3.38s total=363s
Progress: 105/1578 days processed: 2020-05-18
  [TIMING] day=105 elapsed=3.44s total=367s
Progress: 106/1578 days processed: 2020-05-19
  [TIMING] day=106 elapsed=3.37s total=370s
Progress: 107/1578 days processed: 2020-05-20
  [TIMING] day=107 elapsed=3.60s total=374s
Progress: 108/1578 days processed: 2020-05-21
  [TIMING] day=108 elapsed=3.32s total=377s
Progress: 109/1578 days processed: 2020-05-22
  [TIMING] day=109 elapsed=3.38s total=380s
Progress: 110/1578 days processed: 2020-05-25
  [TIMING] day=110 elapsed=3.47s total=384s
Progress: 111/1578 days processed: 2020-05-26
  [TIMING] day=111 elapsed=3.33s total=387s
Progress: 112/1578 days processed: 2020-05-27
  [TIMING] day=112 elapsed=3.31s total=391s
Progress: 113/1578 days processed: 2020-05-28
  [TIMING] day=113 elapsed=3.40s total=394s
Progress: 114/1578 days processed: 2020-05-29
  [TIMING] day=114 elapsed=3.41s total=397s
Progress: 115/1578 days processed: 2020-06-01
  [TIMING] day=115 elapsed=3.36s total=401s
Progress: 116/1578 days processed: 2020-06-02
  [TIMING] day=116 elapsed=3.29s total=404s
Progress: 117/1578 days processed: 2020-06-03
  [TIMING] day=117 elapsed=3.47s total=407s
Progress: 118/1578 days processed: 2020-06-04
  [TIMING] day=118 elapsed=3.30s total=411s
Progress: 119/1578 days processed: 2020-06-05
  [TIMING] day=119 elapsed=3.33s total=414s
Progress: 120/1578 days processed: 2020-06-08
  [TIMING] day=120 elapsed=3.21s total=417s
Progress: 121/1578 days processed: 2020-06-09
  [TIMING] day=121 elapsed=3.25s total=421s
Progress: 122/1578 days processed: 2020-06-10
  [TIMING] day=122 elapsed=3.26s total=424s
Progress: 123/1578 days processed: 2020-06-11
  [TIMING] day=123 elapsed=3.28s total=427s
Progress: 124/1578 days processed: 2020-06-12
  [TIMING] day=124 elapsed=3.21s total=430s
Progress: 125/1578 days processed: 2020-06-15
  [TIMING] day=125 elapsed=3.37s total=434s
Progress: 126/1578 days processed: 2020-06-16
  [TIMING] day=126 elapsed=3.40s total=437s
Progress: 127/1578 days processed: 2020-06-17
  [TIMING] day=127 elapsed=3.36s total=440s
Progress: 128/1578 days processed: 2020-06-18
  [TIMING] day=128 elapsed=3.36s total=444s
Progress: 129/1578 days processed: 2020-06-19
  [TIMING] day=129 elapsed=3.24s total=447s
Progress: 130/1578 days processed: 2020-06-22
  [TIMING] day=130 elapsed=3.26s total=450s
Progress: 131/1578 days processed: 2020-06-23
  [TIMING] day=131 elapsed=3.22s total=453s
Progress: 132/1578 days processed: 2020-06-24
  [TIMING] day=132 elapsed=3.46s total=457s
Progress: 133/1578 days processed: 2020-06-29
  [TIMING] day=133 elapsed=3.39s total=460s
Progress: 134/1578 days processed: 2020-06-30
  [TIMING] day=134 elapsed=3.28s total=464s
Progress: 135/1578 days processed: 2020-07-01
  [TIMING] day=135 elapsed=3.20s total=467s
Progress: 136/1578 days processed: 2020-07-02
  [TIMING] day=136 elapsed=3.42s total=470s
Progress: 137/1578 days processed: 2020-07-03
  [TIMING] day=137 elapsed=3.52s total=474s
Progress: 138/1578 days processed: 2020-07-06
  [TIMING] day=138 elapsed=3.24s total=477s
Progress: 139/1578 days processed: 2020-07-07
  [TIMING] day=139 elapsed=3.16s total=480s
Progress: 140/1578 days processed: 2020-07-08
  [TIMING] day=140 elapsed=3.18s total=483s
Progress: 141/1578 days processed: 2020-07-09
  [TIMING] day=141 elapsed=3.20s total=487s
Progress: 142/1578 days processed: 2020-07-10
  [TIMING] day=142 elapsed=3.22s total=490s
Progress: 143/1578 days processed: 2020-07-13
  [TIMING] day=143 elapsed=3.51s total=493s
Progress: 144/1578 days processed: 2020-07-14
  [TIMING] day=144 elapsed=3.21s total=496s
Progress: 145/1578 days processed: 2020-07-15
  [TIMING] day=145 elapsed=3.76s total=500s
Progress: 146/1578 days processed: 2020-07-16
  [TIMING] day=146 elapsed=3.04s total=503s
Progress: 147/1578 days processed: 2020-07-17
  [TIMING] day=147 elapsed=2.80s total=506s
Progress: 148/1578 days processed: 2020-07-20
  [TIMING] day=148 elapsed=2.82s total=509s
Progress: 149/1578 days processed: 2020-07-21
  [TIMING] day=149 elapsed=2.72s total=512s
Progress: 150/1578 days processed: 2020-07-22
  [TIMING] day=150 elapsed=2.82s total=514s
Progress: 151/1578 days processed: 2020-07-23
  [TIMING] day=151 elapsed=2.87s total=517s
Progress: 152/1578 days processed: 2020-07-24
  [TIMING] day=152 elapsed=2.97s total=520s
Progress: 153/1578 days processed: 2020-07-27
  [TIMING] day=153 elapsed=3.07s total=523s
Progress: 154/1578 days processed: 2020-07-28
  [TIMING] day=154 elapsed=2.83s total=526s
Progress: 155/1578 days processed: 2020-07-29
  [TIMING] day=155 elapsed=2.90s total=529s
Progress: 156/1578 days processed: 2020-07-30
  [TIMING] day=156 elapsed=2.93s total=532s
Progress: 157/1578 days processed: 2020-07-31
  [TIMING] day=157 elapsed=2.56s total=535s
Progress: 158/1578 days processed: 2020-08-03
  [TIMING] day=158 elapsed=2.64s total=537s
Progress: 159/1578 days processed: 2020-08-04
  [TIMING] day=159 elapsed=2.70s total=540s
Progress: 160/1578 days processed: 2020-08-05
  [TIMING] day=160 elapsed=2.79s total=543s
Progress: 161/1578 days processed: 2020-08-06
  [TIMING] day=161 elapsed=2.84s total=546s
Progress: 162/1578 days processed: 2020-08-07
  [TIMING] day=162 elapsed=2.71s total=548s
Progress: 163/1578 days processed: 2020-08-10
  [TIMING] day=163 elapsed=2.57s total=551s
Progress: 164/1578 days processed: 2020-08-11
  [TIMING] day=164 elapsed=2.79s total=554s
Progress: 165/1578 days processed: 2020-08-12
  [TIMING] day=165 elapsed=2.45s total=556s
Progress: 166/1578 days processed: 2020-08-13
  [TIMING] day=166 elapsed=2.67s total=559s
Progress: 167/1578 days processed: 2020-08-14
  [TIMING] day=167 elapsed=2.89s total=562s
Progress: 168/1578 days processed: 2020-08-17
  [TIMING] day=168 elapsed=2.55s total=564s
Progress: 169/1578 days processed: 2020-08-18
  [TIMING] day=169 elapsed=2.62s total=567s
Progress: 170/1578 days processed: 2020-08-19
  [TIMING] day=170 elapsed=2.44s total=569s
Progress: 171/1578 days processed: 2020-08-20
  [TIMING] day=171 elapsed=2.59s total=572s
Progress: 172/1578 days processed: 2020-08-21
  [TIMING] day=172 elapsed=2.64s total=574s
Progress: 173/1578 days processed: 2020-08-24
  [TIMING] day=173 elapsed=2.68s total=577s
Progress: 174/1578 days processed: 2020-08-25
  [TIMING] day=174 elapsed=2.56s total=580s
Progress: 175/1578 days processed: 2020-08-26
  [TIMING] day=175 elapsed=2.63s total=582s
Progress: 176/1578 days processed: 2020-08-27
  [TIMING] day=176 elapsed=2.64s total=585s
Progress: 177/1578 days processed: 2020-08-28
  [TIMING] day=177 elapsed=2.64s total=588s
Progress: 178/1578 days processed: 2020-08-31
  [TIMING] day=178 elapsed=2.68s total=590s
Progress: 179/1578 days processed: 2020-09-01
  [TIMING] day=179 elapsed=2.71s total=593s
Progress: 180/1578 days processed: 2020-09-02
  [TIMING] day=180 elapsed=2.43s total=595s
Progress: 181/1578 days processed: 2020-09-03
  [TIMING] day=181 elapsed=2.42s total=598s
Progress: 182/1578 days processed: 2020-09-04
  [TIMING] day=182 elapsed=2.49s total=600s
Progress: 183/1578 days processed: 2020-09-07
  [TIMING] day=183 elapsed=2.50s total=603s
Progress: 184/1578 days processed: 2020-09-08
  [TIMING] day=184 elapsed=2.40s total=605s
Progress: 185/1578 days processed: 2020-09-09
  [TIMING] day=185 elapsed=2.46s total=608s
Progress: 186/1578 days processed: 2020-09-10
  [TIMING] day=186 elapsed=2.38s total=610s
Progress: 187/1578 days processed: 2020-09-11
  [TIMING] day=187 elapsed=2.41s total=613s
Progress: 188/1578 days processed: 2020-09-14
  [TIMING] day=188 elapsed=2.61s total=615s
Progress: 189/1578 days processed: 2020-09-15
  [TIMING] day=189 elapsed=2.46s total=618s
Progress: 190/1578 days processed: 2020-09-16
  [TIMING] day=190 elapsed=2.36s total=620s
Progress: 191/1578 days processed: 2020-09-17
  [TIMING] day=191 elapsed=2.43s total=622s
Progress: 192/1578 days processed: 2020-09-18
  [TIMING] day=192 elapsed=2.44s total=625s
Progress: 193/1578 days processed: 2020-09-21
  [TIMING] day=193 elapsed=2.71s total=628s
Progress: 194/1578 days processed: 2020-09-22
  [TIMING] day=194 elapsed=3.12s total=631s
Progress: 195/1578 days processed: 2020-09-23
  [TIMING] day=195 elapsed=2.84s total=633s
Progress: 196/1578 days processed: 2020-09-24
  [TIMING] day=196 elapsed=3.93s total=637s
Progress: 197/1578 days processed: 2020-09-25
  [TIMING] day=197 elapsed=4.35s total=642s
Progress: 198/1578 days processed: 2020-09-28
  [TIMING] day=198 elapsed=3.17s total=645s
Progress: 199/1578 days processed: 2020-09-29
  [TIMING] day=199 elapsed=2.76s total=648s
Progress: 200/1578 days processed: 2020-09-30
  [TIMING] day=200 elapsed=2.96s total=651s
Progress: 201/1578 days processed: 2020-10-09
  [TIMING] day=201 elapsed=2.88s total=654s
Progress: 202/1578 days processed: 2020-10-12
  [TIMING] day=202 elapsed=2.95s total=656s
Progress: 203/1578 days processed: 2020-10-13
  [TIMING] day=203 elapsed=3.42s total=660s
Progress: 204/1578 days processed: 2020-10-14
  [TIMING] day=204 elapsed=2.91s total=663s
Progress: 205/1578 days processed: 2020-10-15
  [TIMING] day=205 elapsed=3.70s total=667s
Progress: 206/1578 days processed: 2020-10-16
  [TIMING] day=206 elapsed=3.68s total=670s
Progress: 207/1578 days processed: 2020-10-19
  [TIMING] day=207 elapsed=2.95s total=673s
Progress: 208/1578 days processed: 2020-10-20
  [TIMING] day=208 elapsed=2.97s total=676s
Progress: 209/1578 days processed: 2020-10-21
  [TIMING] day=209 elapsed=2.82s total=679s
Progress: 210/1578 days processed: 2020-10-22
  [TIMING] day=210 elapsed=2.76s total=682s
Progress: 211/1578 days processed: 2020-10-23
  [TIMING] day=211 elapsed=2.72s total=684s
Progress: 212/1578 days processed: 2020-10-26
  [TIMING] day=212 elapsed=2.70s total=687s
Progress: 213/1578 days processed: 2020-10-27
  [TIMING] day=213 elapsed=2.61s total=690s
Progress: 214/1578 days processed: 2020-10-28
  [TIMING] day=214 elapsed=2.73s total=692s
Progress: 215/1578 days processed: 2020-10-29
  [TIMING] day=215 elapsed=2.61s total=695s
Progress: 216/1578 days processed: 2020-10-30
  [TIMING] day=216 elapsed=3.05s total=698s
Progress: 217/1578 days processed: 2020-11-02
  [TIMING] day=217 elapsed=2.76s total=701s
Progress: 218/1578 days processed: 2020-11-03
  [TIMING] day=218 elapsed=2.58s total=703s
Progress: 219/1578 days processed: 2020-11-04
  [TIMING] day=219 elapsed=2.58s total=706s
Progress: 220/1578 days processed: 2020-11-05
  [TIMING] day=220 elapsed=2.72s total=709s
Progress: 221/1578 days processed: 2020-11-06
  [TIMING] day=221 elapsed=2.62s total=711s
Progress: 222/1578 days processed: 2020-11-09
  [TIMING] day=222 elapsed=2.65s total=714s
Progress: 223/1578 days processed: 2020-11-10
  [TIMING] day=223 elapsed=2.72s total=717s
Progress: 224/1578 days processed: 2020-11-11
  [TIMING] day=224 elapsed=2.57s total=719s
Progress: 225/1578 days processed: 2020-11-12
  [TIMING] day=225 elapsed=2.72s total=722s
Progress: 226/1578 days processed: 2020-11-13
  [TIMING] day=226 elapsed=2.45s total=725s
Progress: 227/1578 days processed: 2020-11-16
  [TIMING] day=227 elapsed=2.63s total=727s
Progress: 228/1578 days processed: 2020-11-17
  [TIMING] day=228 elapsed=2.64s total=730s
Progress: 229/1578 days processed: 2020-11-18
  [TIMING] day=229 elapsed=2.58s total=732s
Progress: 230/1578 days processed: 2020-11-19
  [TIMING] day=230 elapsed=2.77s total=735s
Progress: 231/1578 days processed: 2020-11-20
  [TIMING] day=231 elapsed=2.60s total=738s
Progress: 232/1578 days processed: 2020-11-23
  [TIMING] day=232 elapsed=2.58s total=740s
Progress: 233/1578 days processed: 2020-11-24
  [TIMING] day=233 elapsed=2.78s total=743s
Progress: 234/1578 days processed: 2020-11-25
  [TIMING] day=234 elapsed=2.55s total=746s
Progress: 235/1578 days processed: 2020-11-26
  [TIMING] day=235 elapsed=2.60s total=748s
Progress: 236/1578 days processed: 2020-11-27
  [TIMING] day=236 elapsed=2.53s total=751s
Progress: 237/1578 days processed: 2020-11-30
  [TIMING] day=237 elapsed=2.58s total=753s
Progress: 238/1578 days processed: 2020-12-01
  [TIMING] day=238 elapsed=2.62s total=756s
Progress: 239/1578 days processed: 2020-12-02
  [TIMING] day=239 elapsed=2.47s total=758s
Progress: 240/1578 days processed: 2020-12-03
  [TIMING] day=240 elapsed=2.62s total=761s
Progress: 241/1578 days processed: 2020-12-04
  [TIMING] day=241 elapsed=3.05s total=764s
Progress: 242/1578 days processed: 2020-12-07
  [TIMING] day=242 elapsed=2.73s total=767s
Progress: 243/1578 days processed: 2020-12-08
  [TIMING] day=243 elapsed=2.78s total=770s
Progress: 244/1578 days processed: 2020-12-09
  [TIMING] day=244 elapsed=2.41s total=772s
Progress: 245/1578 days processed: 2020-12-10
  [TIMING] day=245 elapsed=2.50s total=775s
Progress: 246/1578 days processed: 2020-12-11
  [TIMING] day=246 elapsed=2.56s total=777s
Progress: 247/1578 days processed: 2020-12-14
  [TIMING] day=247 elapsed=2.64s total=780s
Progress: 248/1578 days processed: 2020-12-15
  [TIMING] day=248 elapsed=3.04s total=783s
Progress: 249/1578 days processed: 2020-12-16
  [TIMING] day=249 elapsed=3.17s total=786s
Progress: 250/1578 days processed: 2020-12-17
  [TIMING] day=250 elapsed=3.03s total=789s
Progress: 251/1578 days processed: 2020-12-18
  [TIMING] day=251 elapsed=2.78s total=792s
Progress: 252/1578 days processed: 2020-12-21
  [TIMING] day=252 elapsed=2.92s total=795s
Progress: 253/1578 days processed: 2020-12-22
  [TIMING] day=253 elapsed=2.73s total=797s
Progress: 254/1578 days processed: 2020-12-23
  [TIMING] day=254 elapsed=2.54s total=800s
Progress: 255/1578 days processed: 2020-12-24
  [TIMING] day=255 elapsed=2.63s total=803s
Progress: 256/1578 days processed: 2020-12-25
  [TIMING] day=256 elapsed=2.61s total=805s
Progress: 257/1578 days processed: 2020-12-28
  [TIMING] day=257 elapsed=2.57s total=808s
Progress: 258/1578 days processed: 2020-12-29
  [TIMING] day=258 elapsed=2.64s total=810s
Progress: 259/1578 days processed: 2020-12-30
  [TIMING] day=259 elapsed=2.63s total=813s
Progress: 260/1578 days processed: 2020-12-31
  [TIMING] day=260 elapsed=2.56s total=816s
Progress: 261/1578 days processed: 2021-01-04
  [TIMING] day=261 elapsed=5.32s total=821s
Progress: 262/1578 days processed: 2021-01-05
  [TIMING] day=262 elapsed=4.25s total=825s
Progress: 263/1578 days processed: 2021-01-06
  [TIMING] day=263 elapsed=4.59s total=830s
Progress: 264/1578 days processed: 2021-01-07
  [TIMING] day=264 elapsed=4.30s total=834s
Progress: 265/1578 days processed: 2021-01-08
  [TIMING] day=265 elapsed=4.28s total=838s
Progress: 266/1578 days processed: 2021-01-11
  [TIMING] day=266 elapsed=3.61s total=842s
Progress: 267/1578 days processed: 2021-01-12
  [TIMING] day=267 elapsed=4.15s total=846s
Progress: 268/1578 days processed: 2021-01-13
  [TIMING] day=268 elapsed=4.07s total=850s
Progress: 269/1578 days processed: 2021-01-14
  [TIMING] day=269 elapsed=4.41s total=855s
Progress: 270/1578 days processed: 2021-01-15
  [TIMING] day=270 elapsed=4.08s total=859s
Progress: 271/1578 days processed: 2021-01-18
  [TIMING] day=271 elapsed=4.14s total=863s
Progress: 272/1578 days processed: 2021-01-19
  [TIMING] day=272 elapsed=4.27s total=867s
Progress: 273/1578 days processed: 2021-01-20
  [TIMING] day=273 elapsed=4.00s total=871s
Progress: 274/1578 days processed: 2021-01-21
  [TIMING] day=274 elapsed=4.16s total=875s
Progress: 275/1578 days processed: 2021-01-22
  [TIMING] day=275 elapsed=4.23s total=879s
Progress: 276/1578 days processed: 2021-01-25
  [TIMING] day=276 elapsed=4.08s total=884s
Progress: 277/1578 days processed: 2021-01-26
  [TIMING] day=277 elapsed=4.05s total=888s
Progress: 278/1578 days processed: 2021-01-27
  [TIMING] day=278 elapsed=4.07s total=892s
Progress: 279/1578 days processed: 2021-01-28
  [TIMING] day=279 elapsed=4.05s total=896s
Progress: 280/1578 days processed: 2021-01-29
  [TIMING] day=280 elapsed=3.91s total=900s
Progress: 281/1578 days processed: 2021-02-01
  [TIMING] day=281 elapsed=4.10s total=904s
Progress: 282/1578 days processed: 2021-02-02
  [TIMING] day=282 elapsed=4.17s total=908s
Progress: 283/1578 days processed: 2021-02-03
  [TIMING] day=283 elapsed=3.94s total=912s
Progress: 284/1578 days processed: 2021-02-04
  [TIMING] day=284 elapsed=4.17s total=916s
Progress: 285/1578 days processed: 2021-02-05
  [TIMING] day=285 elapsed=4.02s total=920s
Progress: 286/1578 days processed: 2021-02-08
  [TIMING] day=286 elapsed=4.04s total=924s
Progress: 287/1578 days processed: 2021-02-09
  [TIMING] day=287 elapsed=4.01s total=928s
Progress: 288/1578 days processed: 2021-02-10
  [TIMING] day=288 elapsed=3.96s total=932s
Progress: 289/1578 days processed: 2021-02-18
  [TIMING] day=289 elapsed=4.07s total=936s
Progress: 290/1578 days processed: 2021-02-19
  [TIMING] day=290 elapsed=3.81s total=940s
Progress: 291/1578 days processed: 2021-02-22
  [TIMING] day=291 elapsed=4.02s total=944s
Progress: 292/1578 days processed: 2021-02-23
  [TIMING] day=292 elapsed=4.04s total=948s
Progress: 293/1578 days processed: 2021-02-24
  [TIMING] day=293 elapsed=3.99s total=952s
Progress: 294/1578 days processed: 2021-02-25
  [TIMING] day=294 elapsed=3.97s total=956s
Progress: 295/1578 days processed: 2021-02-26
  [TIMING] day=295 elapsed=4.01s total=960s
Progress: 296/1578 days processed: 2021-03-01
  [TIMING] day=296 elapsed=4.04s total=964s
Progress: 297/1578 days processed: 2021-03-02
  [TIMING] day=297 elapsed=3.99s total=968s
Progress: 298/1578 days processed: 2021-03-03
  [TIMING] day=298 elapsed=4.01s total=972s
Progress: 299/1578 days processed: 2021-03-04
  [TIMING] day=299 elapsed=4.06s total=976s
Progress: 300/1578 days processed: 2021-03-05
  [TIMING] day=300 elapsed=4.24s total=980s
Progress: 301/1578 days processed: 2021-03-08
  [TIMING] day=301 elapsed=4.13s total=984s
Progress: 302/1578 days processed: 2021-03-09
  [TIMING] day=302 elapsed=3.84s total=988s
Progress: 303/1578 days processed: 2021-03-10
  [TIMING] day=303 elapsed=4.00s total=992s
Progress: 304/1578 days processed: 2021-03-11
  [TIMING] day=304 elapsed=3.95s total=996s
Progress: 305/1578 days processed: 2021-03-12
  [TIMING] day=305 elapsed=3.99s total=1000s
Progress: 306/1578 days processed: 2021-03-15
  [TIMING] day=306 elapsed=3.45s total=1004s
Progress: 307/1578 days processed: 2021-03-16
  [TIMING] day=307 elapsed=3.92s total=1008s
Progress: 308/1578 days processed: 2021-03-17
  [TIMING] day=308 elapsed=3.84s total=1011s
Progress: 309/1578 days processed: 2021-03-18
  [TIMING] day=309 elapsed=3.80s total=1015s
Progress: 310/1578 days processed: 2021-03-19
  [TIMING] day=310 elapsed=3.71s total=1019s
Progress: 311/1578 days processed: 2021-03-22
  [TIMING] day=311 elapsed=3.85s total=1023s
Progress: 312/1578 days processed: 2021-03-23
  [TIMING] day=312 elapsed=3.89s total=1027s
Progress: 313/1578 days processed: 2021-03-24
  [TIMING] day=313 elapsed=3.75s total=1030s
Progress: 314/1578 days processed: 2021-03-25
  [TIMING] day=314 elapsed=3.93s total=1034s
Progress: 315/1578 days processed: 2021-03-26
  [TIMING] day=315 elapsed=3.79s total=1038s
Progress: 316/1578 days processed: 2021-03-29
  [TIMING] day=316 elapsed=3.77s total=1042s
Progress: 317/1578 days processed: 2021-03-30
  [TIMING] day=317 elapsed=3.71s total=1046s
Progress: 318/1578 days processed: 2021-03-31
  [TIMING] day=318 elapsed=3.71s total=1049s
Progress: 319/1578 days processed: 2021-04-01
  [TIMING] day=319 elapsed=3.76s total=1053s
Progress: 320/1578 days processed: 2021-04-02
  [TIMING] day=320 elapsed=3.74s total=1057s
Progress: 321/1578 days processed: 2021-04-06
  [TIMING] day=321 elapsed=3.67s total=1060s
Progress: 322/1578 days processed: 2021-04-07
  [TIMING] day=322 elapsed=3.65s total=1064s
Progress: 323/1578 days processed: 2021-04-08
  [TIMING] day=323 elapsed=3.71s total=1068s
Progress: 324/1578 days processed: 2021-04-09
  [TIMING] day=324 elapsed=3.73s total=1072s
Progress: 325/1578 days processed: 2021-04-12
  [TIMING] day=325 elapsed=3.71s total=1075s
Progress: 326/1578 days processed: 2021-04-13
  [TIMING] day=326 elapsed=3.78s total=1079s
Progress: 327/1578 days processed: 2021-04-14
  [TIMING] day=327 elapsed=3.75s total=1083s
Progress: 328/1578 days processed: 2021-04-15
  [TIMING] day=328 elapsed=3.77s total=1087s
Progress: 329/1578 days processed: 2021-04-16
  [TIMING] day=329 elapsed=3.59s total=1090s
Progress: 330/1578 days processed: 2021-04-19
  [TIMING] day=330 elapsed=3.81s total=1094s
Progress: 331/1578 days processed: 2021-04-20
  [TIMING] day=331 elapsed=3.66s total=1098s
Progress: 332/1578 days processed: 2021-04-21
  [TIMING] day=332 elapsed=3.62s total=1101s
Progress: 333/1578 days processed: 2021-04-22
  [TIMING] day=333 elapsed=3.63s total=1105s
Progress: 334/1578 days processed: 2021-04-23
  [TIMING] day=334 elapsed=3.55s total=1108s
Progress: 335/1578 days processed: 2021-04-26
  [TIMING] day=335 elapsed=3.63s total=1112s
Progress: 336/1578 days processed: 2021-04-27
  [TIMING] day=336 elapsed=3.83s total=1116s
Progress: 337/1578 days processed: 2021-04-28
  [TIMING] day=337 elapsed=3.62s total=1120s
Progress: 338/1578 days processed: 2021-04-29
  [TIMING] day=338 elapsed=3.53s total=1123s
Progress: 339/1578 days processed: 2021-04-30
  [TIMING] day=339 elapsed=3.58s total=1127s
Progress: 340/1578 days processed: 2021-05-06
  [TIMING] day=340 elapsed=3.58s total=1130s
Progress: 341/1578 days processed: 2021-05-07
  [TIMING] day=341 elapsed=3.63s total=1134s
Progress: 342/1578 days processed: 2021-05-10
  [TIMING] day=342 elapsed=3.68s total=1138s
Progress: 343/1578 days processed: 2021-05-11
  [TIMING] day=343 elapsed=3.80s total=1141s
Progress: 344/1578 days processed: 2021-05-12
  [TIMING] day=344 elapsed=3.82s total=1145s
Progress: 345/1578 days processed: 2021-05-13
  [TIMING] day=345 elapsed=3.95s total=1149s
Progress: 346/1578 days processed: 2021-05-14
  [TIMING] day=346 elapsed=3.76s total=1153s
Progress: 347/1578 days processed: 2021-05-17
  [TIMING] day=347 elapsed=3.74s total=1157s
Progress: 348/1578 days processed: 2021-05-18
  [TIMING] day=348 elapsed=4.30s total=1161s
Progress: 349/1578 days processed: 2021-05-19
  [TIMING] day=349 elapsed=3.73s total=1165s
Progress: 350/1578 days processed: 2021-05-20
  [TIMING] day=350 elapsed=3.51s total=1168s
Progress: 351/1578 days processed: 2021-05-21
  [TIMING] day=351 elapsed=3.64s total=1172s
Progress: 352/1578 days processed: 2021-05-24
  [TIMING] day=352 elapsed=3.55s total=1175s
Progress: 353/1578 days processed: 2021-05-25
  [TIMING] day=353 elapsed=3.65s total=1179s
Progress: 354/1578 days processed: 2021-05-26
  [TIMING] day=354 elapsed=3.62s total=1183s
Progress: 355/1578 days processed: 2021-05-27
  [TIMING] day=355 elapsed=3.62s total=1186s
Progress: 356/1578 days processed: 2021-05-28
  [TIMING] day=356 elapsed=3.51s total=1190s
Progress: 357/1578 days processed: 2021-05-31
  [TIMING] day=357 elapsed=3.61s total=1193s
Progress: 358/1578 days processed: 2021-06-01
  [TIMING] day=358 elapsed=4.03s total=1197s
Progress: 359/1578 days processed: 2021-06-02
  [TIMING] day=359 elapsed=4.93s total=1202s
Progress: 360/1578 days processed: 2021-06-03
  [TIMING] day=360 elapsed=3.74s total=1206s
Progress: 361/1578 days processed: 2021-06-04
  [TIMING] day=361 elapsed=3.84s total=1210s
Progress: 362/1578 days processed: 2021-06-07
  [TIMING] day=362 elapsed=4.41s total=1214s
Progress: 363/1578 days processed: 2021-06-08
  [TIMING] day=363 elapsed=4.64s total=1219s
Progress: 364/1578 days processed: 2021-06-09
  [TIMING] day=364 elapsed=3.89s total=1223s
Progress: 365/1578 days processed: 2021-06-10
  [TIMING] day=365 elapsed=3.45s total=1226s
Progress: 366/1578 days processed: 2021-06-11
  [TIMING] day=366 elapsed=3.41s total=1230s
Progress: 367/1578 days processed: 2021-06-15
  [TIMING] day=367 elapsed=3.61s total=1233s
Progress: 368/1578 days processed: 2021-06-16
  [TIMING] day=368 elapsed=3.53s total=1237s
Progress: 369/1578 days processed: 2021-06-17
  [TIMING] day=369 elapsed=3.49s total=1240s
Progress: 370/1578 days processed: 2021-06-18
  [TIMING] day=370 elapsed=3.81s total=1244s
Progress: 371/1578 days processed: 2021-06-21
  [TIMING] day=371 elapsed=4.22s total=1248s
Progress: 372/1578 days processed: 2021-06-22
  [TIMING] day=372 elapsed=3.87s total=1252s
Progress: 373/1578 days processed: 2021-06-23
  [TIMING] day=373 elapsed=3.83s total=1256s
Progress: 374/1578 days processed: 2021-06-24
  [TIMING] day=374 elapsed=3.92s total=1260s
Progress: 375/1578 days processed: 2021-06-25
  [TIMING] day=375 elapsed=3.88s total=1264s
Progress: 376/1578 days processed: 2021-06-28
  [TIMING] day=376 elapsed=4.21s total=1268s
Progress: 377/1578 days processed: 2021-06-29
  [TIMING] day=377 elapsed=4.00s total=1272s
Progress: 378/1578 days processed: 2021-06-30
  [TIMING] day=378 elapsed=4.12s total=1276s
Progress: 379/1578 days processed: 2021-07-01
  [TIMING] day=379 elapsed=3.79s total=1280s
Progress: 380/1578 days processed: 2021-07-02
  [TIMING] day=380 elapsed=3.84s total=1284s
Progress: 381/1578 days processed: 2021-07-05
  [TIMING] day=381 elapsed=3.72s total=1288s
Progress: 382/1578 days processed: 2021-07-06
  [TIMING] day=382 elapsed=3.63s total=1291s
Progress: 383/1578 days processed: 2021-07-07
  [TIMING] day=383 elapsed=3.60s total=1295s
Progress: 384/1578 days processed: 2021-07-08
  [TIMING] day=384 elapsed=3.86s total=1299s
Progress: 385/1578 days processed: 2021-07-09
  [TIMING] day=385 elapsed=4.30s total=1303s
Progress: 386/1578 days processed: 2021-07-12
  [TIMING] day=386 elapsed=4.01s total=1307s
Progress: 387/1578 days processed: 2021-07-13
  [TIMING] day=387 elapsed=3.92s total=1311s
Progress: 388/1578 days processed: 2021-07-14
  [TIMING] day=388 elapsed=3.61s total=1314s
Progress: 389/1578 days processed: 2021-07-15
  [TIMING] day=389 elapsed=3.66s total=1318s
Progress: 390/1578 days processed: 2021-07-16
  [TIMING] day=390 elapsed=3.74s total=1322s
Progress: 391/1578 days processed: 2021-07-19
  [TIMING] day=391 elapsed=3.65s total=1325s
Progress: 392/1578 days processed: 2021-07-20
  [TIMING] day=392 elapsed=3.63s total=1329s
Progress: 393/1578 days processed: 2021-07-21
  [TIMING] day=393 elapsed=3.79s total=1333s
Progress: 394/1578 days processed: 2021-07-22
  [TIMING] day=394 elapsed=4.21s total=1337s
Progress: 395/1578 days processed: 2021-07-23
  [TIMING] day=395 elapsed=3.76s total=1341s
Progress: 396/1578 days processed: 2021-07-26
  [TIMING] day=396 elapsed=3.68s total=1345s
Progress: 397/1578 days processed: 2021-07-27
  [TIMING] day=397 elapsed=3.54s total=1348s
Progress: 398/1578 days processed: 2021-07-28
  [TIMING] day=398 elapsed=3.74s total=1352s
Progress: 399/1578 days processed: 2021-07-29
  [TIMING] day=399 elapsed=3.55s total=1355s
Progress: 400/1578 days processed: 2021-07-30
  [TIMING] day=400 elapsed=3.46s total=1359s
Progress: 401/1578 days processed: 2021-08-02
  [TIMING] day=401 elapsed=3.33s total=1362s
Progress: 402/1578 days processed: 2021-08-03
  [TIMING] day=402 elapsed=3.29s total=1365s
Progress: 403/1578 days processed: 2021-08-04
  [TIMING] day=403 elapsed=3.26s total=1369s
Progress: 404/1578 days processed: 2021-08-05
  [TIMING] day=404 elapsed=3.40s total=1372s
Progress: 405/1578 days processed: 2021-08-06
  [TIMING] day=405 elapsed=3.27s total=1375s
Progress: 406/1578 days processed: 2021-08-09
  [TIMING] day=406 elapsed=3.18s total=1379s
Progress: 407/1578 days processed: 2021-08-10
  [TIMING] day=407 elapsed=3.30s total=1382s
Progress: 408/1578 days processed: 2021-08-11
  [TIMING] day=408 elapsed=3.15s total=1385s
Progress: 409/1578 days processed: 2021-08-12
  [TIMING] day=409 elapsed=3.25s total=1388s
Progress: 410/1578 days processed: 2021-08-13
  [TIMING] day=410 elapsed=3.17s total=1391s
Progress: 411/1578 days processed: 2021-08-16
  [TIMING] day=411 elapsed=3.42s total=1395s
Progress: 412/1578 days processed: 2021-08-17
  [TIMING] day=412 elapsed=3.27s total=1398s
Progress: 413/1578 days processed: 2021-08-18
  [TIMING] day=413 elapsed=3.39s total=1402s
Progress: 414/1578 days processed: 2021-08-19
  [TIMING] day=414 elapsed=3.09s total=1405s
Progress: 415/1578 days processed: 2021-08-20
  [TIMING] day=415 elapsed=3.33s total=1408s
Progress: 416/1578 days processed: 2021-08-23
  [TIMING] day=416 elapsed=3.36s total=1411s
Progress: 417/1578 days processed: 2021-08-24
  [TIMING] day=417 elapsed=3.39s total=1415s
Progress: 418/1578 days processed: 2021-08-25
  [TIMING] day=418 elapsed=3.23s total=1418s
Progress: 419/1578 days processed: 2021-08-26
  [TIMING] day=419 elapsed=3.47s total=1421s
Progress: 420/1578 days processed: 2021-08-27
  [TIMING] day=420 elapsed=3.15s total=1425s
Progress: 421/1578 days processed: 2021-08-30
  [TIMING] day=421 elapsed=3.36s total=1428s
Progress: 422/1578 days processed: 2021-08-31
  [TIMING] day=422 elapsed=3.62s total=1432s
Progress: 423/1578 days processed: 2021-09-01
  [TIMING] day=423 elapsed=3.87s total=1435s
Progress: 424/1578 days processed: 2021-09-02
  [TIMING] day=424 elapsed=3.50s total=1439s
Progress: 425/1578 days processed: 2021-09-03
  [TIMING] day=425 elapsed=3.25s total=1442s
Progress: 426/1578 days processed: 2021-09-06
  [TIMING] day=426 elapsed=3.12s total=1445s
Progress: 427/1578 days processed: 2021-09-07
  [TIMING] day=427 elapsed=3.08s total=1448s
Progress: 428/1578 days processed: 2021-09-08
  [TIMING] day=428 elapsed=3.12s total=1451s
Progress: 429/1578 days processed: 2021-09-09
  [TIMING] day=429 elapsed=3.21s total=1455s
Progress: 430/1578 days processed: 2021-09-10
  [TIMING] day=430 elapsed=3.71s total=1458s
Progress: 431/1578 days processed: 2021-09-13
  [TIMING] day=431 elapsed=3.26s total=1462s
Progress: 432/1578 days processed: 2021-09-14
  [TIMING] day=432 elapsed=2.83s total=1464s
Progress: 433/1578 days processed: 2021-09-15
  [TIMING] day=433 elapsed=3.27s total=1468s
Progress: 434/1578 days processed: 2021-09-16
  [TIMING] day=434 elapsed=3.37s total=1471s
Progress: 435/1578 days processed: 2021-09-17
  [TIMING] day=435 elapsed=3.37s total=1475s
Progress: 436/1578 days processed: 2021-09-22
  [TIMING] day=436 elapsed=3.64s total=1478s
Progress: 437/1578 days processed: 2021-09-23
  [TIMING] day=437 elapsed=3.68s total=1482s
Progress: 438/1578 days processed: 2021-09-24
  [TIMING] day=438 elapsed=3.12s total=1485s
Progress: 439/1578 days processed: 2021-09-27
  [TIMING] day=439 elapsed=3.54s total=1488s
Progress: 440/1578 days processed: 2021-09-28
  [TIMING] day=440 elapsed=3.73s total=1492s
Progress: 441/1578 days processed: 2021-09-29
  [TIMING] day=441 elapsed=3.50s total=1496s
Progress: 442/1578 days processed: 2021-09-30
  [TIMING] day=442 elapsed=3.69s total=1499s
Progress: 443/1578 days processed: 2021-10-08
  [TIMING] day=443 elapsed=3.65s total=1503s
Progress: 444/1578 days processed: 2021-10-11
  [TIMING] day=444 elapsed=3.26s total=1506s
Progress: 445/1578 days processed: 2021-10-12
  [TIMING] day=445 elapsed=4.09s total=1510s
Progress: 446/1578 days processed: 2021-10-13
  [TIMING] day=446 elapsed=3.72s total=1514s
Progress: 447/1578 days processed: 2021-10-14
  [TIMING] day=447 elapsed=3.19s total=1517s
Progress: 448/1578 days processed: 2021-10-15
  [TIMING] day=448 elapsed=3.05s total=1520s
Progress: 449/1578 days processed: 2021-10-18
  [TIMING] day=449 elapsed=3.21s total=1524s
Progress: 450/1578 days processed: 2021-10-19
  [TIMING] day=450 elapsed=2.82s total=1526s
Progress: 451/1578 days processed: 2021-10-20
  [TIMING] day=451 elapsed=2.96s total=1529s
Progress: 452/1578 days processed: 2021-10-21
  [TIMING] day=452 elapsed=2.95s total=1532s
Progress: 453/1578 days processed: 2021-10-22
  [TIMING] day=453 elapsed=2.91s total=1535s
Progress: 454/1578 days processed: 2021-10-25
  [TIMING] day=454 elapsed=2.91s total=1538s
Progress: 455/1578 days processed: 2021-10-26
  [TIMING] day=455 elapsed=2.87s total=1541s
Progress: 456/1578 days processed: 2021-10-27
  [TIMING] day=456 elapsed=3.02s total=1544s
Progress: 457/1578 days processed: 2021-10-28
  [TIMING] day=457 elapsed=3.85s total=1548s
Progress: 458/1578 days processed: 2021-10-29
  [TIMING] day=458 elapsed=3.31s total=1551s
Progress: 459/1578 days processed: 2021-11-01
  [TIMING] day=459 elapsed=3.47s total=1555s
Progress: 460/1578 days processed: 2021-11-02
  [TIMING] day=460 elapsed=3.05s total=1558s
Progress: 461/1578 days processed: 2021-11-03
  [TIMING] day=461 elapsed=3.23s total=1561s
Progress: 462/1578 days processed: 2021-11-04
  [TIMING] day=462 elapsed=3.27s total=1564s
Progress: 463/1578 days processed: 2021-11-05
  [TIMING] day=463 elapsed=3.19s total=1567s
Progress: 464/1578 days processed: 2021-11-08
  [TIMING] day=464 elapsed=2.93s total=1570s
Progress: 465/1578 days processed: 2021-11-09
  [TIMING] day=465 elapsed=3.38s total=1574s
Progress: 466/1578 days processed: 2021-11-10
  [TIMING] day=466 elapsed=3.19s total=1577s
Progress: 467/1578 days processed: 2021-11-11
  [TIMING] day=467 elapsed=3.77s total=1581s
Progress: 468/1578 days processed: 2021-11-12
  [TIMING] day=468 elapsed=2.98s total=1584s
Progress: 469/1578 days processed: 2021-11-15
  [TIMING] day=469 elapsed=2.88s total=1587s
Progress: 470/1578 days processed: 2021-11-16
  [TIMING] day=470 elapsed=2.81s total=1589s
Progress: 471/1578 days processed: 2021-11-17
  [TIMING] day=471 elapsed=2.75s total=1592s
Progress: 472/1578 days processed: 2021-11-18
  [TIMING] day=472 elapsed=3.40s total=1595s
Progress: 473/1578 days processed: 2021-11-19
  [TIMING] day=473 elapsed=3.19s total=1599s
Progress: 474/1578 days processed: 2021-11-22
  [TIMING] day=474 elapsed=3.07s total=1602s
Progress: 475/1578 days processed: 2021-11-23
  [TIMING] day=475 elapsed=2.92s total=1605s
Progress: 476/1578 days processed: 2021-11-24
  [TIMING] day=476 elapsed=2.85s total=1607s
Progress: 477/1578 days processed: 2021-11-25
  [TIMING] day=477 elapsed=2.85s total=1610s
Progress: 478/1578 days processed: 2021-11-26
  [TIMING] day=478 elapsed=2.78s total=1613s
Progress: 479/1578 days processed: 2021-11-29
  [TIMING] day=479 elapsed=2.72s total=1616s
Progress: 480/1578 days processed: 2021-11-30
  [TIMING] day=480 elapsed=2.90s total=1619s
Progress: 481/1578 days processed: 2021-12-01
  [TIMING] day=481 elapsed=2.81s total=1622s
Progress: 482/1578 days processed: 2021-12-02
  [TIMING] day=482 elapsed=2.72s total=1624s
Progress: 483/1578 days processed: 2021-12-03
  [TIMING] day=483 elapsed=2.92s total=1627s
Progress: 484/1578 days processed: 2021-12-06
  [TIMING] day=484 elapsed=2.96s total=1630s
Progress: 485/1578 days processed: 2021-12-07
  [TIMING] day=485 elapsed=2.90s total=1633s
Progress: 486/1578 days processed: 2021-12-08
  [TIMING] day=486 elapsed=3.03s total=1636s
Progress: 487/1578 days processed: 2021-12-09
  [TIMING] day=487 elapsed=2.80s total=1639s
Progress: 488/1578 days processed: 2021-12-10
  [TIMING] day=488 elapsed=3.29s total=1642s
Progress: 489/1578 days processed: 2021-12-13
  [TIMING] day=489 elapsed=3.10s total=1645s
Progress: 490/1578 days processed: 2021-12-14
  [TIMING] day=490 elapsed=2.91s total=1648s
Progress: 491/1578 days processed: 2021-12-15
  [TIMING] day=491 elapsed=3.04s total=1651s
Progress: 492/1578 days processed: 2021-12-16
  [TIMING] day=492 elapsed=3.33s total=1655s
Progress: 493/1578 days processed: 2021-12-17
  [TIMING] day=493 elapsed=3.16s total=1658s
Progress: 494/1578 days processed: 2021-12-20
  [TIMING] day=494 elapsed=3.41s total=1661s
Progress: 495/1578 days processed: 2021-12-21
  [TIMING] day=495 elapsed=2.92s total=1664s
Progress: 496/1578 days processed: 2021-12-22
  [TIMING] day=496 elapsed=3.21s total=1667s
Progress: 497/1578 days processed: 2021-12-23
  [TIMING] day=497 elapsed=3.10s total=1670s
Progress: 498/1578 days processed: 2021-12-24
  [TIMING] day=498 elapsed=3.17s total=1674s
Progress: 499/1578 days processed: 2021-12-27
  [TIMING] day=499 elapsed=3.22s total=1677s
Progress: 500/1578 days processed: 2021-12-28
  [TIMING] day=500 elapsed=3.11s total=1680s
Progress: 501/1578 days processed: 2021-12-29
  [TIMING] day=501 elapsed=3.18s total=1683s
Progress: 502/1578 days processed: 2021-12-30
  [TIMING] day=502 elapsed=2.84s total=1686s
Progress: 503/1578 days processed: 2021-12-31
  [TIMING] day=503 elapsed=3.32s total=1689s
Progress: 504/1578 days processed: 2022-01-04
  [TIMING] day=504 elapsed=5.56s total=1695s
Progress: 505/1578 days processed: 2022-01-05
  [TIMING] day=505 elapsed=5.18s total=1700s
Progress: 506/1578 days processed: 2022-01-06
  [TIMING] day=506 elapsed=5.09s total=1705s
Progress: 507/1578 days processed: 2022-01-07
  [TIMING] day=507 elapsed=5.03s total=1710s
Progress: 508/1578 days processed: 2022-01-10
  [TIMING] day=508 elapsed=5.32s total=1715s
Progress: 509/1578 days processed: 2022-01-11
  [TIMING] day=509 elapsed=4.56s total=1720s
Progress: 510/1578 days processed: 2022-01-12
  [TIMING] day=510 elapsed=4.63s total=1725s
Progress: 511/1578 days processed: 2022-01-13
  [TIMING] day=511 elapsed=4.83s total=1729s
Progress: 512/1578 days processed: 2022-01-14
  [TIMING] day=512 elapsed=4.80s total=1734s
Progress: 513/1578 days processed: 2022-01-17
  [TIMING] day=513 elapsed=5.06s total=1739s
Progress: 514/1578 days processed: 2022-01-18
  [TIMING] day=514 elapsed=4.54s total=1744s
Progress: 515/1578 days processed: 2022-01-19
  [TIMING] day=515 elapsed=4.71s total=1748s
Progress: 516/1578 days processed: 2022-01-20
  [TIMING] day=516 elapsed=4.53s total=1753s
Progress: 517/1578 days processed: 2022-01-21
  [TIMING] day=517 elapsed=4.57s total=1758s
Progress: 518/1578 days processed: 2022-01-24
  [TIMING] day=518 elapsed=4.56s total=1762s
Progress: 519/1578 days processed: 2022-01-25
  [TIMING] day=519 elapsed=4.45s total=1767s
Progress: 520/1578 days processed: 2022-01-26
  [TIMING] day=520 elapsed=4.68s total=1771s
Progress: 521/1578 days processed: 2022-01-27
  [TIMING] day=521 elapsed=4.61s total=1776s
Progress: 522/1578 days processed: 2022-01-28
  [TIMING] day=522 elapsed=4.68s total=1781s
Progress: 523/1578 days processed: 2022-02-07
  [TIMING] day=523 elapsed=4.74s total=1785s
Progress: 524/1578 days processed: 2022-02-08
  [TIMING] day=524 elapsed=4.74s total=1790s
Progress: 525/1578 days processed: 2022-02-09
  [TIMING] day=525 elapsed=5.34s total=1795s
Progress: 526/1578 days processed: 2022-02-10
  [TIMING] day=526 elapsed=5.33s total=1801s
Progress: 527/1578 days processed: 2022-02-11
  [TIMING] day=527 elapsed=5.89s total=1807s
Progress: 528/1578 days processed: 2022-02-14
  [TIMING] day=528 elapsed=5.33s total=1812s
Progress: 529/1578 days processed: 2022-02-15
  [TIMING] day=529 elapsed=6.05s total=1818s
Progress: 530/1578 days processed: 2022-02-16
  [TIMING] day=530 elapsed=6.00s total=1824s
Progress: 531/1578 days processed: 2022-02-17
  [TIMING] day=531 elapsed=5.74s total=1830s
Progress: 532/1578 days processed: 2022-02-18
  [TIMING] day=532 elapsed=5.86s total=1836s
Progress: 533/1578 days processed: 2022-02-21
  [TIMING] day=533 elapsed=6.72s total=1842s
Progress: 534/1578 days processed: 2022-02-22
  [TIMING] day=534 elapsed=6.20s total=1848s
Progress: 535/1578 days processed: 2022-02-23
  [TIMING] day=535 elapsed=4.95s total=1853s
Progress: 536/1578 days processed: 2022-02-24
  [TIMING] day=536 elapsed=5.27s total=1859s
Progress: 537/1578 days processed: 2022-02-25
  [TIMING] day=537 elapsed=4.85s total=1864s
Progress: 538/1578 days processed: 2022-02-28
  [TIMING] day=538 elapsed=4.76s total=1868s
Progress: 539/1578 days processed: 2022-03-01
  [TIMING] day=539 elapsed=4.65s total=1873s
Progress: 540/1578 days processed: 2022-03-02
  [TIMING] day=540 elapsed=4.47s total=1877s
Progress: 541/1578 days processed: 2022-03-03
  [TIMING] day=541 elapsed=5.65s total=1883s
Progress: 542/1578 days processed: 2022-03-04
  [TIMING] day=542 elapsed=4.72s total=1888s
Progress: 543/1578 days processed: 2022-03-07
  [TIMING] day=543 elapsed=5.10s total=1893s
Progress: 544/1578 days processed: 2022-03-08
  [TIMING] day=544 elapsed=4.55s total=1897s
Progress: 545/1578 days processed: 2022-03-09
  [TIMING] day=545 elapsed=4.49s total=1902s
Progress: 546/1578 days processed: 2022-03-10
  [TIMING] day=546 elapsed=4.36s total=1906s
Progress: 547/1578 days processed: 2022-03-11
  [TIMING] day=547 elapsed=6.01s total=1912s
Progress: 548/1578 days processed: 2022-03-14
  [TIMING] day=548 elapsed=4.89s total=1917s
Progress: 549/1578 days processed: 2022-03-15
  [TIMING] day=549 elapsed=4.56s total=1922s
Progress: 550/1578 days processed: 2022-03-16
  [TIMING] day=550 elapsed=4.52s total=1926s
Progress: 551/1578 days processed: 2022-03-17
  [TIMING] day=551 elapsed=4.68s total=1931s
Progress: 552/1578 days processed: 2022-03-18
  [TIMING] day=552 elapsed=5.23s total=1936s
Progress: 553/1578 days processed: 2022-03-21
  [TIMING] day=553 elapsed=4.68s total=1941s
Progress: 554/1578 days processed: 2022-03-22
  [TIMING] day=554 elapsed=4.94s total=1946s
Progress: 555/1578 days processed: 2022-03-23
  [TIMING] day=555 elapsed=4.84s total=1951s
Progress: 556/1578 days processed: 2022-03-24
  [TIMING] day=556 elapsed=5.04s total=1956s
Progress: 557/1578 days processed: 2022-03-25
  [TIMING] day=557 elapsed=4.83s total=1961s
Progress: 558/1578 days processed: 2022-03-28
  [TIMING] day=558 elapsed=4.58s total=1965s
Progress: 559/1578 days processed: 2022-03-29
  [TIMING] day=559 elapsed=4.83s total=1970s
Progress: 560/1578 days processed: 2022-03-30
  [TIMING] day=560 elapsed=4.69s total=1975s
Progress: 561/1578 days processed: 2022-03-31
  [TIMING] day=561 elapsed=4.54s total=1979s
Progress: 562/1578 days processed: 2022-04-01
  [TIMING] day=562 elapsed=4.53s total=1984s
Progress: 563/1578 days processed: 2022-04-06
  [TIMING] day=563 elapsed=4.70s total=1988s
Progress: 564/1578 days processed: 2022-04-07
  [TIMING] day=564 elapsed=5.39s total=1994s
Progress: 565/1578 days processed: 2022-04-08
  [TIMING] day=565 elapsed=4.26s total=1998s
Progress: 566/1578 days processed: 2022-04-11
  [TIMING] day=566 elapsed=4.82s total=2003s
Progress: 567/1578 days processed: 2022-04-12
  [TIMING] day=567 elapsed=4.45s total=2007s
Progress: 568/1578 days processed: 2022-04-13
  [TIMING] day=568 elapsed=4.33s total=2012s
Progress: 569/1578 days processed: 2022-04-14
  [TIMING] day=569 elapsed=4.29s total=2016s
Progress: 570/1578 days processed: 2022-04-15
  [TIMING] day=570 elapsed=4.00s total=2020s
Progress: 571/1578 days processed: 2022-04-18
  [TIMING] day=571 elapsed=3.90s total=2024s
Progress: 572/1578 days processed: 2022-04-19
  [TIMING] day=572 elapsed=4.16s total=2028s
Progress: 573/1578 days processed: 2022-04-20
  [TIMING] day=573 elapsed=3.96s total=2032s
Progress: 574/1578 days processed: 2022-04-21
  [TIMING] day=574 elapsed=3.87s total=2036s
Progress: 575/1578 days processed: 2022-04-22
  [TIMING] day=575 elapsed=4.03s total=2040s
Progress: 576/1578 days processed: 2022-04-25
  [TIMING] day=576 elapsed=3.88s total=2044s
Progress: 577/1578 days processed: 2022-04-26
  [TIMING] day=577 elapsed=3.86s total=2048s
Progress: 578/1578 days processed: 2022-04-27
  [TIMING] day=578 elapsed=3.90s total=2052s
Progress: 579/1578 days processed: 2022-04-28
  [TIMING] day=579 elapsed=4.23s total=2056s
Progress: 580/1578 days processed: 2022-04-29
  [TIMING] day=580 elapsed=3.90s total=2060s
Progress: 581/1578 days processed: 2022-05-05
  [TIMING] day=581 elapsed=3.85s total=2063s
Progress: 582/1578 days processed: 2022-05-06
  [TIMING] day=582 elapsed=3.59s total=2067s
Progress: 583/1578 days processed: 2022-05-09
  [TIMING] day=583 elapsed=3.83s total=2071s
Progress: 584/1578 days processed: 2022-05-10
  [TIMING] day=584 elapsed=3.79s total=2075s
Progress: 585/1578 days processed: 2022-05-11
  [TIMING] day=585 elapsed=4.01s total=2079s
Progress: 586/1578 days processed: 2022-05-12
  [TIMING] day=586 elapsed=4.05s total=2083s
Progress: 587/1578 days processed: 2022-05-13
  [TIMING] day=587 elapsed=3.81s total=2087s
Progress: 588/1578 days processed: 2022-05-16
  [TIMING] day=588 elapsed=4.21s total=2091s
Progress: 589/1578 days processed: 2022-05-17
  [TIMING] day=589 elapsed=4.01s total=2095s
Progress: 590/1578 days processed: 2022-05-18
  [TIMING] day=590 elapsed=3.95s total=2099s
Progress: 591/1578 days processed: 2022-05-19
  [TIMING] day=591 elapsed=3.98s total=2103s
Progress: 592/1578 days processed: 2022-05-20
  [TIMING] day=592 elapsed=4.00s total=2107s
Progress: 593/1578 days processed: 2022-05-23
  [TIMING] day=593 elapsed=3.94s total=2111s
Progress: 594/1578 days processed: 2022-05-24
  [TIMING] day=594 elapsed=3.94s total=2115s
Progress: 595/1578 days processed: 2022-05-25
  [TIMING] day=595 elapsed=4.14s total=2119s
Progress: 596/1578 days processed: 2022-05-26
  [TIMING] day=596 elapsed=4.27s total=2123s
Progress: 597/1578 days processed: 2022-05-27
  [TIMING] day=597 elapsed=4.02s total=2127s
Progress: 598/1578 days processed: 2022-05-30
  [TIMING] day=598 elapsed=3.82s total=2131s
Progress: 599/1578 days processed: 2022-05-31
  [TIMING] day=599 elapsed=3.92s total=2135s
Progress: 600/1578 days processed: 2022-06-01
  [TIMING] day=600 elapsed=3.73s total=2138s
Progress: 601/1578 days processed: 2022-06-02
  [TIMING] day=601 elapsed=4.20s total=2143s
Progress: 602/1578 days processed: 2022-06-06
  [TIMING] day=602 elapsed=4.25s total=2147s
Progress: 603/1578 days processed: 2022-06-07
  [TIMING] day=603 elapsed=4.48s total=2151s
Progress: 604/1578 days processed: 2022-06-08
  [TIMING] day=604 elapsed=4.43s total=2156s
Progress: 605/1578 days processed: 2022-06-09
  [TIMING] day=605 elapsed=3.93s total=2160s
Progress: 606/1578 days processed: 2022-06-10
  [TIMING] day=606 elapsed=4.22s total=2164s
Progress: 607/1578 days processed: 2022-06-13
  [TIMING] day=607 elapsed=4.13s total=2168s
Progress: 608/1578 days processed: 2022-06-14
  [TIMING] day=608 elapsed=4.07s total=2172s
Progress: 609/1578 days processed: 2022-06-15
  [TIMING] day=609 elapsed=4.16s total=2176s
Progress: 610/1578 days processed: 2022-06-16
  [TIMING] day=610 elapsed=4.15s total=2180s
Progress: 611/1578 days processed: 2022-06-17
  [TIMING] day=611 elapsed=4.16s total=2185s
Progress: 612/1578 days processed: 2022-06-20
  [TIMING] day=612 elapsed=4.07s total=2189s
Progress: 613/1578 days processed: 2022-06-21
  [TIMING] day=613 elapsed=4.07s total=2193s
Progress: 614/1578 days processed: 2022-06-22
  [TIMING] day=614 elapsed=4.84s total=2198s
Progress: 615/1578 days processed: 2022-06-23
  [TIMING] day=615 elapsed=3.78s total=2201s
Progress: 616/1578 days processed: 2022-06-24
  [TIMING] day=616 elapsed=3.37s total=2205s
Progress: 617/1578 days processed: 2022-06-27
  [TIMING] day=617 elapsed=3.47s total=2208s
Progress: 618/1578 days processed: 2022-06-28
  [TIMING] day=618 elapsed=3.52s total=2212s
Progress: 619/1578 days processed: 2022-06-29
  [TIMING] day=619 elapsed=3.39s total=2215s
Progress: 620/1578 days processed: 2022-06-30
  [TIMING] day=620 elapsed=3.37s total=2219s
Progress: 621/1578 days processed: 2022-07-01
  [TIMING] day=621 elapsed=3.93s total=2222s
Progress: 622/1578 days processed: 2022-07-04
  [TIMING] day=622 elapsed=3.32s total=2226s
Progress: 623/1578 days processed: 2022-07-05
  [TIMING] day=623 elapsed=3.41s total=2229s
Progress: 624/1578 days processed: 2022-07-06
  [TIMING] day=624 elapsed=3.62s total=2233s
Progress: 625/1578 days processed: 2022-07-07
  [TIMING] day=625 elapsed=4.28s total=2237s
Progress: 626/1578 days processed: 2022-07-08
  [TIMING] day=626 elapsed=3.70s total=2241s
Progress: 627/1578 days processed: 2022-07-11
  [TIMING] day=627 elapsed=4.14s total=2245s
Progress: 628/1578 days processed: 2022-07-12
  [TIMING] day=628 elapsed=3.87s total=2249s
Progress: 629/1578 days processed: 2022-07-13
  [TIMING] day=629 elapsed=3.52s total=2252s
Progress: 630/1578 days processed: 2022-07-14
  [TIMING] day=630 elapsed=3.92s total=2256s
Progress: 631/1578 days processed: 2022-07-15
  [TIMING] day=631 elapsed=4.04s total=2260s
Progress: 632/1578 days processed: 2022-07-18
  [TIMING] day=632 elapsed=3.47s total=2264s
Progress: 633/1578 days processed: 2022-07-19
  [TIMING] day=633 elapsed=4.21s total=2268s
Progress: 634/1578 days processed: 2022-07-20
  [TIMING] day=634 elapsed=3.61s total=2272s
Progress: 635/1578 days processed: 2022-07-21
  [TIMING] day=635 elapsed=3.50s total=2275s
Progress: 636/1578 days processed: 2022-07-22
  [TIMING] day=636 elapsed=3.59s total=2279s
Progress: 637/1578 days processed: 2022-07-25
  [TIMING] day=637 elapsed=3.50s total=2282s
Progress: 638/1578 days processed: 2022-07-26
  [TIMING] day=638 elapsed=3.49s total=2286s
Progress: 639/1578 days processed: 2022-07-27
  [TIMING] day=639 elapsed=3.55s total=2289s
Progress: 640/1578 days processed: 2022-07-28
  [TIMING] day=640 elapsed=3.53s total=2293s
Progress: 641/1578 days processed: 2022-07-29
  [TIMING] day=641 elapsed=3.69s total=2296s
Progress: 642/1578 days processed: 2022-08-01
  [TIMING] day=642 elapsed=3.53s total=2300s
Progress: 643/1578 days processed: 2022-08-02
  [TIMING] day=643 elapsed=3.75s total=2304s
Progress: 644/1578 days processed: 2022-08-03
  [TIMING] day=644 elapsed=3.62s total=2307s
Progress: 645/1578 days processed: 2022-08-04
  [TIMING] day=645 elapsed=3.63s total=2311s
Progress: 646/1578 days processed: 2022-08-05
  [TIMING] day=646 elapsed=3.62s total=2315s
Progress: 647/1578 days processed: 2022-08-08
  [TIMING] day=647 elapsed=3.89s total=2318s
Progress: 648/1578 days processed: 2022-08-09
  [TIMING] day=648 elapsed=3.46s total=2322s
Progress: 649/1578 days processed: 2022-08-10
  [TIMING] day=649 elapsed=3.39s total=2325s
Progress: 650/1578 days processed: 2022-08-11
  [TIMING] day=650 elapsed=3.60s total=2329s
Progress: 651/1578 days processed: 2022-08-12
  [TIMING] day=651 elapsed=3.69s total=2333s
Progress: 652/1578 days processed: 2022-08-15
  [TIMING] day=652 elapsed=3.49s total=2336s
Progress: 653/1578 days processed: 2022-08-16
  [TIMING] day=653 elapsed=3.49s total=2340s
Progress: 654/1578 days processed: 2022-08-17
  [TIMING] day=654 elapsed=3.43s total=2343s
Progress: 655/1578 days processed: 2022-08-18
  [TIMING] day=655 elapsed=3.64s total=2347s
Progress: 656/1578 days processed: 2022-08-19
  [TIMING] day=656 elapsed=3.54s total=2350s
Progress: 657/1578 days processed: 2022-08-22
  [TIMING] day=657 elapsed=3.78s total=2354s
Progress: 658/1578 days processed: 2022-08-23
  [TIMING] day=658 elapsed=3.38s total=2357s
Progress: 659/1578 days processed: 2022-08-24
  [TIMING] day=659 elapsed=3.49s total=2361s
Progress: 660/1578 days processed: 2022-08-25
  [TIMING] day=660 elapsed=3.44s total=2364s
Progress: 661/1578 days processed: 2022-08-26
  [TIMING] day=661 elapsed=3.39s total=2368s
Progress: 662/1578 days processed: 2022-08-29
  [TIMING] day=662 elapsed=3.52s total=2371s
Progress: 663/1578 days processed: 2022-08-30
  [TIMING] day=663 elapsed=3.33s total=2375s
Progress: 664/1578 days processed: 2022-08-31
  [TIMING] day=664 elapsed=3.17s total=2378s
Progress: 665/1578 days processed: 2022-09-01
  [TIMING] day=665 elapsed=3.18s total=2381s
Progress: 666/1578 days processed: 2022-09-02
  [TIMING] day=666 elapsed=3.14s total=2384s
Progress: 667/1578 days processed: 2022-09-05
  [TIMING] day=667 elapsed=3.31s total=2387s
Progress: 668/1578 days processed: 2022-09-06
  [TIMING] day=668 elapsed=3.01s total=2390s
Progress: 669/1578 days processed: 2022-09-07
  [TIMING] day=669 elapsed=3.22s total=2394s
Progress: 670/1578 days processed: 2022-09-08
  [TIMING] day=670 elapsed=3.11s total=2397s
Progress: 671/1578 days processed: 2022-09-09
  [TIMING] day=671 elapsed=3.07s total=2400s
Progress: 672/1578 days processed: 2022-09-13
  [TIMING] day=672 elapsed=3.19s total=2403s
Progress: 673/1578 days processed: 2022-09-14
  [TIMING] day=673 elapsed=3.03s total=2406s
Progress: 674/1578 days processed: 2022-09-15
  [TIMING] day=674 elapsed=3.17s total=2409s
Progress: 675/1578 days processed: 2022-09-16
  [TIMING] day=675 elapsed=3.29s total=2412s
Progress: 676/1578 days processed: 2022-09-19
  [TIMING] day=676 elapsed=3.22s total=2416s
Progress: 677/1578 days processed: 2022-09-20
  [TIMING] day=677 elapsed=3.18s total=2419s
Progress: 678/1578 days processed: 2022-09-21
  [TIMING] day=678 elapsed=3.09s total=2422s
Progress: 679/1578 days processed: 2022-09-22
  [TIMING] day=679 elapsed=3.15s total=2425s
Progress: 680/1578 days processed: 2022-09-23
  [TIMING] day=680 elapsed=3.03s total=2428s
Progress: 681/1578 days processed: 2022-09-26
  [TIMING] day=681 elapsed=3.13s total=2431s
Progress: 682/1578 days processed: 2022-09-27
  [TIMING] day=682 elapsed=2.91s total=2434s
Progress: 683/1578 days processed: 2022-09-28
  [TIMING] day=683 elapsed=3.03s total=2437s
Progress: 684/1578 days processed: 2022-09-29
  [TIMING] day=684 elapsed=3.05s total=2440s
Progress: 685/1578 days processed: 2022-09-30
  [TIMING] day=685 elapsed=2.94s total=2443s
Progress: 686/1578 days processed: 2022-10-10
  [TIMING] day=686 elapsed=2.80s total=2446s
Progress: 687/1578 days processed: 2022-10-11
  [TIMING] day=687 elapsed=2.73s total=2449s
Progress: 688/1578 days processed: 2022-10-12
  [TIMING] day=688 elapsed=2.75s total=2451s
Progress: 689/1578 days processed: 2022-10-13
  [TIMING] day=689 elapsed=2.74s total=2454s
Progress: 690/1578 days processed: 2022-10-14
  [TIMING] day=690 elapsed=2.77s total=2457s
Progress: 691/1578 days processed: 2022-10-17
  [TIMING] day=691 elapsed=2.96s total=2460s
Progress: 692/1578 days processed: 2022-10-18
  [TIMING] day=692 elapsed=2.77s total=2463s
Progress: 693/1578 days processed: 2022-10-19
  [TIMING] day=693 elapsed=2.71s total=2465s
Progress: 694/1578 days processed: 2022-10-20
  [TIMING] day=694 elapsed=2.79s total=2468s
Progress: 695/1578 days processed: 2022-10-21
  [TIMING] day=695 elapsed=2.72s total=2471s
Progress: 696/1578 days processed: 2022-10-24
  [TIMING] day=696 elapsed=2.83s total=2474s
Progress: 697/1578 days processed: 2022-10-25
  [TIMING] day=697 elapsed=2.75s total=2476s
Progress: 698/1578 days processed: 2022-10-26
  [TIMING] day=698 elapsed=2.68s total=2479s
Progress: 699/1578 days processed: 2022-10-27
  [TIMING] day=699 elapsed=2.71s total=2482s
Progress: 700/1578 days processed: 2022-10-28
  [TIMING] day=700 elapsed=2.70s total=2485s
Progress: 701/1578 days processed: 2022-10-31
  [TIMING] day=701 elapsed=2.63s total=2487s
Progress: 702/1578 days processed: 2022-11-01
  [TIMING] day=702 elapsed=2.65s total=2490s
Progress: 703/1578 days processed: 2022-11-02
  [TIMING] day=703 elapsed=2.70s total=2493s
Progress: 704/1578 days processed: 2022-11-03
  [TIMING] day=704 elapsed=2.63s total=2495s
Progress: 705/1578 days processed: 2022-11-04
  [TIMING] day=705 elapsed=2.68s total=2498s
Progress: 706/1578 days processed: 2022-11-07
  [TIMING] day=706 elapsed=2.62s total=2500s
Progress: 707/1578 days processed: 2022-11-08
  [TIMING] day=707 elapsed=2.61s total=2503s
Progress: 708/1578 days processed: 2022-11-09
  [TIMING] day=708 elapsed=2.63s total=2506s
Progress: 709/1578 days processed: 2022-11-10
  [TIMING] day=709 elapsed=2.56s total=2508s
Progress: 710/1578 days processed: 2022-11-11
  [TIMING] day=710 elapsed=2.61s total=2511s
Progress: 711/1578 days processed: 2022-11-14
  [TIMING] day=711 elapsed=2.63s total=2514s
Progress: 712/1578 days processed: 2022-11-15
  [TIMING] day=712 elapsed=2.63s total=2516s
Progress: 713/1578 days processed: 2022-11-16
  [TIMING] day=713 elapsed=2.75s total=2519s
Progress: 714/1578 days processed: 2022-11-17
  [TIMING] day=714 elapsed=2.62s total=2522s
Progress: 715/1578 days processed: 2022-11-18
  [TIMING] day=715 elapsed=2.56s total=2524s
Progress: 716/1578 days processed: 2022-11-21
  [TIMING] day=716 elapsed=2.63s total=2527s
Progress: 717/1578 days processed: 2022-11-22
  [TIMING] day=717 elapsed=2.59s total=2529s
Progress: 718/1578 days processed: 2022-11-23
  [TIMING] day=718 elapsed=2.50s total=2532s
Progress: 719/1578 days processed: 2022-11-24
  [TIMING] day=719 elapsed=2.66s total=2534s
Progress: 720/1578 days processed: 2022-11-25
  [TIMING] day=720 elapsed=2.56s total=2537s
Progress: 721/1578 days processed: 2022-11-28
  [TIMING] day=721 elapsed=2.55s total=2540s
Progress: 722/1578 days processed: 2022-11-29
  [TIMING] day=722 elapsed=2.54s total=2542s
Progress: 723/1578 days processed: 2022-11-30
  [TIMING] day=723 elapsed=2.47s total=2545s
Progress: 724/1578 days processed: 2022-12-01
  [TIMING] day=724 elapsed=2.44s total=2547s
Progress: 725/1578 days processed: 2022-12-02
  [TIMING] day=725 elapsed=2.43s total=2549s
Progress: 726/1578 days processed: 2022-12-05
  [TIMING] day=726 elapsed=2.50s total=2552s
Progress: 727/1578 days processed: 2022-12-06
  [TIMING] day=727 elapsed=2.48s total=2554s
Progress: 728/1578 days processed: 2022-12-07
  [TIMING] day=728 elapsed=2.90s total=2557s
Progress: 729/1578 days processed: 2022-12-08
  [TIMING] day=729 elapsed=2.52s total=2560s
Progress: 730/1578 days processed: 2022-12-09
  [TIMING] day=730 elapsed=2.57s total=2562s
Progress: 731/1578 days processed: 2022-12-12
  [TIMING] day=731 elapsed=2.49s total=2565s
Progress: 732/1578 days processed: 2022-12-13
  [TIMING] day=732 elapsed=2.45s total=2567s
Progress: 733/1578 days processed: 2022-12-14
  [TIMING] day=733 elapsed=2.41s total=2570s
Progress: 734/1578 days processed: 2022-12-15
  [TIMING] day=734 elapsed=2.50s total=2572s
Progress: 735/1578 days processed: 2022-12-16
  [TIMING] day=735 elapsed=2.38s total=2575s
Progress: 736/1578 days processed: 2022-12-19
  [TIMING] day=736 elapsed=2.64s total=2577s
Progress: 737/1578 days processed: 2022-12-20
  [TIMING] day=737 elapsed=2.38s total=2580s
Progress: 738/1578 days processed: 2022-12-21
  [TIMING] day=738 elapsed=2.51s total=2582s
Progress: 739/1578 days processed: 2022-12-22
  [TIMING] day=739 elapsed=2.44s total=2585s
Progress: 740/1578 days processed: 2022-12-23
  [TIMING] day=740 elapsed=2.45s total=2587s
Progress: 741/1578 days processed: 2022-12-26
  [TIMING] day=741 elapsed=2.57s total=2590s
Progress: 742/1578 days processed: 2022-12-27
  [TIMING] day=742 elapsed=2.42s total=2592s
Progress: 743/1578 days processed: 2022-12-28
  [TIMING] day=743 elapsed=2.63s total=2595s
Progress: 744/1578 days processed: 2022-12-29
  [TIMING] day=744 elapsed=2.43s total=2597s
Progress: 745/1578 days processed: 2022-12-30
  [TIMING] day=745 elapsed=2.40s total=2600s
Progress: 746/1578 days processed: 2023-01-03
  [TIMING] day=746 elapsed=4.78s total=2604s
Progress: 747/1578 days processed: 2023-01-04
  [TIMING] day=747 elapsed=4.30s total=2609s
Progress: 748/1578 days processed: 2023-01-05
  [TIMING] day=748 elapsed=4.48s total=2613s
Progress: 749/1578 days processed: 2023-01-06
  [TIMING] day=749 elapsed=4.53s total=2618s
Progress: 750/1578 days processed: 2023-01-09
  [TIMING] day=750 elapsed=4.55s total=2622s
Progress: 751/1578 days processed: 2023-01-10
  [TIMING] day=751 elapsed=3.78s total=2626s
Progress: 752/1578 days processed: 2023-01-11
  [TIMING] day=752 elapsed=4.20s total=2630s
Progress: 753/1578 days processed: 2023-01-12
  [TIMING] day=753 elapsed=4.26s total=2634s
Progress: 754/1578 days processed: 2023-01-13
  [TIMING] day=754 elapsed=4.31s total=2639s
Progress: 755/1578 days processed: 2023-01-16
  [TIMING] day=755 elapsed=4.09s total=2643s
Progress: 756/1578 days processed: 2023-01-17
  [TIMING] day=756 elapsed=4.35s total=2647s
Progress: 757/1578 days processed: 2023-01-18
  [TIMING] day=757 elapsed=4.35s total=2651s
Progress: 758/1578 days processed: 2023-01-19
  [TIMING] day=758 elapsed=4.40s total=2656s
Progress: 759/1578 days processed: 2023-01-20
  [TIMING] day=759 elapsed=4.25s total=2660s
Progress: 760/1578 days processed: 2023-01-30
  [TIMING] day=760 elapsed=4.76s total=2665s
Progress: 761/1578 days processed: 2023-01-31
  [TIMING] day=761 elapsed=4.96s total=2670s
Progress: 762/1578 days processed: 2023-02-01
  [TIMING] day=762 elapsed=4.83s total=2675s
Progress: 763/1578 days processed: 2023-02-02
  [TIMING] day=763 elapsed=4.86s total=2680s
Progress: 764/1578 days processed: 2023-02-03
  [TIMING] day=764 elapsed=5.23s total=2685s
Progress: 765/1578 days processed: 2023-02-06
  [TIMING] day=765 elapsed=4.81s total=2690s
Progress: 766/1578 days processed: 2023-02-07
  [TIMING] day=766 elapsed=4.57s total=2694s
Progress: 767/1578 days processed: 2023-02-08
  [TIMING] day=767 elapsed=4.78s total=2699s
Progress: 768/1578 days processed: 2023-02-09
  [TIMING] day=768 elapsed=4.90s total=2704s
Progress: 769/1578 days processed: 2023-02-10
  [TIMING] day=769 elapsed=4.88s total=2709s
Progress: 770/1578 days processed: 2023-02-13
  [TIMING] day=770 elapsed=4.98s total=2714s
Progress: 771/1578 days processed: 2023-02-14
  [TIMING] day=771 elapsed=4.99s total=2719s
Progress: 772/1578 days processed: 2023-02-15
  [TIMING] day=772 elapsed=4.57s total=2723s
Progress: 773/1578 days processed: 2023-02-16
  [TIMING] day=773 elapsed=4.73s total=2728s
Progress: 774/1578 days processed: 2023-02-17
  [TIMING] day=774 elapsed=4.65s total=2733s
Progress: 775/1578 days processed: 2023-02-20
  [TIMING] day=775 elapsed=4.36s total=2737s
Progress: 776/1578 days processed: 2023-02-21
  [TIMING] day=776 elapsed=4.35s total=2741s
Progress: 777/1578 days processed: 2023-02-22
  [TIMING] day=777 elapsed=4.34s total=2746s
Progress: 778/1578 days processed: 2023-02-23
  [TIMING] day=778 elapsed=4.53s total=2750s
Progress: 779/1578 days processed: 2023-02-24
  [TIMING] day=779 elapsed=4.65s total=2755s
Progress: 780/1578 days processed: 2023-02-27
  [TIMING] day=780 elapsed=4.46s total=2759s
Progress: 781/1578 days processed: 2023-02-28
  [TIMING] day=781 elapsed=4.46s total=2764s
Progress: 782/1578 days processed: 2023-03-01
  [TIMING] day=782 elapsed=4.39s total=2768s
Progress: 783/1578 days processed: 2023-03-02
  [TIMING] day=783 elapsed=4.36s total=2773s
Progress: 784/1578 days processed: 2023-03-03
  [TIMING] day=784 elapsed=4.61s total=2777s
Progress: 785/1578 days processed: 2023-03-06
  [TIMING] day=785 elapsed=4.34s total=2781s
Progress: 786/1578 days processed: 2023-03-07
  [TIMING] day=786 elapsed=4.33s total=2786s
Progress: 787/1578 days processed: 2023-03-08
  [TIMING] day=787 elapsed=4.56s total=2790s
Progress: 788/1578 days processed: 2023-03-09
  [TIMING] day=788 elapsed=4.36s total=2795s
Progress: 789/1578 days processed: 2023-03-10
  [TIMING] day=789 elapsed=4.23s total=2799s
Progress: 790/1578 days processed: 2023-03-13
  [TIMING] day=790 elapsed=4.36s total=2803s
Progress: 791/1578 days processed: 2023-03-14
  [TIMING] day=791 elapsed=3.79s total=2807s
Progress: 792/1578 days processed: 2023-03-15
  [TIMING] day=792 elapsed=4.39s total=2812s
Progress: 793/1578 days processed: 2023-03-16
  [TIMING] day=793 elapsed=4.14s total=2816s
Progress: 794/1578 days processed: 2023-03-17
  [TIMING] day=794 elapsed=4.08s total=2820s
Progress: 795/1578 days processed: 2023-03-20
  [TIMING] day=795 elapsed=4.33s total=2824s
Progress: 796/1578 days processed: 2023-03-21
  [TIMING] day=796 elapsed=4.51s total=2829s
Progress: 797/1578 days processed: 2023-03-22
  [TIMING] day=797 elapsed=4.65s total=2833s
Progress: 798/1578 days processed: 2023-03-23
  [TIMING] day=798 elapsed=5.67s total=2839s
Progress: 799/1578 days processed: 2023-03-24
  [TIMING] day=799 elapsed=5.58s total=2844s
Progress: 800/1578 days processed: 2023-03-27
  [TIMING] day=800 elapsed=4.99s total=2849s
Progress: 801/1578 days processed: 2023-03-28
  [TIMING] day=801 elapsed=5.21s total=2855s
Progress: 802/1578 days processed: 2023-03-29
  [TIMING] day=802 elapsed=4.16s total=2859s
Progress: 803/1578 days processed: 2023-03-30
  [TIMING] day=803 elapsed=4.44s total=2863s
Progress: 804/1578 days processed: 2023-03-31
  [TIMING] day=804 elapsed=4.50s total=2868s
Progress: 805/1578 days processed: 2023-04-03
  [TIMING] day=805 elapsed=4.71s total=2872s
Progress: 806/1578 days processed: 2023-04-04
  [TIMING] day=806 elapsed=4.90s total=2877s
Progress: 807/1578 days processed: 2023-04-06
  [TIMING] day=807 elapsed=4.42s total=2882s
Progress: 808/1578 days processed: 2023-04-07
  [TIMING] day=808 elapsed=4.36s total=2886s
Progress: 809/1578 days processed: 2023-04-10
  [TIMING] day=809 elapsed=4.32s total=2890s
Progress: 810/1578 days processed: 2023-04-11
  [TIMING] day=810 elapsed=4.54s total=2895s
Progress: 811/1578 days processed: 2023-04-12
  [TIMING] day=811 elapsed=4.12s total=2899s
Progress: 812/1578 days processed: 2023-04-13
  [TIMING] day=812 elapsed=4.59s total=2904s
Progress: 813/1578 days processed: 2023-04-14
  [TIMING] day=813 elapsed=4.88s total=2909s
Progress: 814/1578 days processed: 2023-04-17
  [TIMING] day=814 elapsed=4.62s total=2913s
Progress: 815/1578 days processed: 2023-04-18
  [TIMING] day=815 elapsed=4.95s total=2918s
Progress: 816/1578 days processed: 2023-04-19
  [TIMING] day=816 elapsed=4.28s total=2922s
Progress: 817/1578 days processed: 2023-04-20
  [TIMING] day=817 elapsed=4.47s total=2927s
Progress: 818/1578 days processed: 2023-04-21
  [TIMING] day=818 elapsed=4.38s total=2931s
Progress: 819/1578 days processed: 2023-04-24
  [TIMING] day=819 elapsed=4.68s total=2936s
Progress: 820/1578 days processed: 2023-04-25
  [TIMING] day=820 elapsed=5.01s total=2941s
Progress: 821/1578 days processed: 2023-04-26
  [TIMING] day=821 elapsed=4.65s total=2946s
Progress: 822/1578 days processed: 2023-04-27
  [TIMING] day=822 elapsed=4.87s total=2950s
Progress: 823/1578 days processed: 2023-04-28
  [TIMING] day=823 elapsed=4.72s total=2955s
Progress: 824/1578 days processed: 2023-05-04
  [TIMING] day=824 elapsed=4.42s total=2960s
Progress: 825/1578 days processed: 2023-05-05
  [TIMING] day=825 elapsed=5.41s total=2965s
Progress: 826/1578 days processed: 2023-05-08
  [TIMING] day=826 elapsed=4.87s total=2970s
Progress: 827/1578 days processed: 2023-05-09
  [TIMING] day=827 elapsed=4.74s total=2975s
Progress: 828/1578 days processed: 2023-05-10
  [TIMING] day=828 elapsed=4.75s total=2979s
Progress: 829/1578 days processed: 2023-05-11
  [TIMING] day=829 elapsed=4.40s total=2984s
Progress: 830/1578 days processed: 2023-05-12
  [TIMING] day=830 elapsed=4.65s total=2988s
Progress: 831/1578 days processed: 2023-05-15
  [TIMING] day=831 elapsed=3.87s total=2992s
Progress: 832/1578 days processed: 2023-05-16
  [TIMING] day=832 elapsed=4.07s total=2996s
Progress: 833/1578 days processed: 2023-05-17
  [TIMING] day=833 elapsed=4.08s total=3000s
Progress: 834/1578 days processed: 2023-05-18
  [TIMING] day=834 elapsed=3.98s total=3004s
Progress: 835/1578 days processed: 2023-05-19
  [TIMING] day=835 elapsed=4.02s total=3008s
Progress: 836/1578 days processed: 2023-05-22
  [TIMING] day=836 elapsed=4.09s total=3013s
Progress: 837/1578 days processed: 2023-05-23
  [TIMING] day=837 elapsed=4.56s total=3017s
Progress: 838/1578 days processed: 2023-05-24
  [TIMING] day=838 elapsed=4.03s total=3021s
Progress: 839/1578 days processed: 2023-05-25
  [TIMING] day=839 elapsed=4.03s total=3025s
Progress: 840/1578 days processed: 2023-05-26
  [TIMING] day=840 elapsed=4.16s total=3029s
Progress: 841/1578 days processed: 2023-05-29
  [TIMING] day=841 elapsed=4.02s total=3033s
Progress: 842/1578 days processed: 2023-05-30
  [TIMING] day=842 elapsed=4.04s total=3037s
Progress: 843/1578 days processed: 2023-05-31
  [TIMING] day=843 elapsed=4.01s total=3041s
Progress: 844/1578 days processed: 2023-06-01
  [TIMING] day=844 elapsed=3.98s total=3045s
Progress: 845/1578 days processed: 2023-06-02
  [TIMING] day=845 elapsed=3.98s total=3049s
Progress: 846/1578 days processed: 2023-06-05
  [TIMING] day=846 elapsed=4.16s total=3054s
Progress: 847/1578 days processed: 2023-06-06
  [TIMING] day=847 elapsed=3.98s total=3058s
Progress: 848/1578 days processed: 2023-06-07
  [TIMING] day=848 elapsed=4.11s total=3062s
Progress: 849/1578 days processed: 2023-06-08
  [TIMING] day=849 elapsed=4.08s total=3066s
Progress: 850/1578 days processed: 2023-06-09
  [TIMING] day=850 elapsed=4.02s total=3070s
Progress: 851/1578 days processed: 2023-06-12
  [TIMING] day=851 elapsed=4.08s total=3074s
Progress: 852/1578 days processed: 2023-06-13
  [TIMING] day=852 elapsed=3.98s total=3078s
Progress: 853/1578 days processed: 2023-06-14
  [TIMING] day=853 elapsed=3.96s total=3082s
Progress: 854/1578 days processed: 2023-06-15
  [TIMING] day=854 elapsed=3.88s total=3086s
Progress: 855/1578 days processed: 2023-06-16
  [TIMING] day=855 elapsed=3.85s total=3089s
Progress: 856/1578 days processed: 2023-06-19
  [TIMING] day=856 elapsed=3.93s total=3093s
Progress: 857/1578 days processed: 2023-06-20
  [TIMING] day=857 elapsed=3.91s total=3097s
Progress: 858/1578 days processed: 2023-06-21
  [TIMING] day=858 elapsed=3.75s total=3101s
Progress: 859/1578 days processed: 2023-06-26
  [TIMING] day=859 elapsed=3.86s total=3105s
Progress: 860/1578 days processed: 2023-06-27
  [TIMING] day=860 elapsed=3.87s total=3109s
Progress: 861/1578 days processed: 2023-06-28
  [TIMING] day=861 elapsed=4.05s total=3113s
Progress: 862/1578 days processed: 2023-06-29
  [TIMING] day=862 elapsed=3.96s total=3117s
Progress: 863/1578 days processed: 2023-06-30
  [TIMING] day=863 elapsed=3.79s total=3121s
Progress: 864/1578 days processed: 2023-07-03
  [TIMING] day=864 elapsed=3.88s total=3124s
Progress: 865/1578 days processed: 2023-07-04
  [TIMING] day=865 elapsed=4.21s total=3129s
Progress: 866/1578 days processed: 2023-07-05
  [TIMING] day=866 elapsed=3.86s total=3133s
Progress: 867/1578 days processed: 2023-07-06
  [TIMING] day=867 elapsed=4.12s total=3137s
Progress: 868/1578 days processed: 2023-07-07
  [TIMING] day=868 elapsed=3.85s total=3140s
Progress: 869/1578 days processed: 2023-07-10
  [TIMING] day=869 elapsed=3.83s total=3144s
Progress: 870/1578 days processed: 2023-07-11
  [TIMING] day=870 elapsed=3.89s total=3148s
Progress: 871/1578 days processed: 2023-07-12
  [TIMING] day=871 elapsed=4.10s total=3152s
Progress: 872/1578 days processed: 2023-07-13
  [TIMING] day=872 elapsed=4.01s total=3156s
Progress: 873/1578 days processed: 2023-07-14
  [TIMING] day=873 elapsed=3.87s total=3160s
Progress: 874/1578 days processed: 2023-07-17
  [TIMING] day=874 elapsed=3.80s total=3164s
Progress: 875/1578 days processed: 2023-07-18
  [TIMING] day=875 elapsed=3.80s total=3168s
Progress: 876/1578 days processed: 2023-07-19
  [TIMING] day=876 elapsed=3.79s total=3172s
Progress: 877/1578 days processed: 2023-07-20
  [TIMING] day=877 elapsed=3.78s total=3175s
Progress: 878/1578 days processed: 2023-07-21
  [TIMING] day=878 elapsed=3.76s total=3179s
Progress: 879/1578 days processed: 2023-07-24
  [TIMING] day=879 elapsed=3.78s total=3183s
Progress: 880/1578 days processed: 2023-07-25
  [TIMING] day=880 elapsed=3.75s total=3187s
Progress: 881/1578 days processed: 2023-07-26
  [TIMING] day=881 elapsed=3.88s total=3191s
Progress: 882/1578 days processed: 2023-07-27
  [TIMING] day=882 elapsed=3.86s total=3194s
Progress: 883/1578 days processed: 2023-07-28
  [TIMING] day=883 elapsed=3.72s total=3198s
Progress: 884/1578 days processed: 2023-07-31
  [TIMING] day=884 elapsed=3.75s total=3202s
Progress: 885/1578 days processed: 2023-08-01
  [TIMING] day=885 elapsed=3.66s total=3206s
Progress: 886/1578 days processed: 2023-08-02
  [TIMING] day=886 elapsed=3.64s total=3209s
Progress: 887/1578 days processed: 2023-08-03
  [TIMING] day=887 elapsed=3.62s total=3213s
Progress: 888/1578 days processed: 2023-08-04
  [TIMING] day=888 elapsed=3.81s total=3217s
Progress: 889/1578 days processed: 2023-08-07
  [TIMING] day=889 elapsed=3.56s total=3220s
Progress: 890/1578 days processed: 2023-08-08
  [TIMING] day=890 elapsed=3.61s total=3224s
Progress: 891/1578 days processed: 2023-08-09
  [TIMING] day=891 elapsed=3.64s total=3227s
Progress: 892/1578 days processed: 2023-08-10
  [TIMING] day=892 elapsed=3.59s total=3231s
Progress: 893/1578 days processed: 2023-08-11
  [TIMING] day=893 elapsed=3.66s total=3235s
Progress: 894/1578 days processed: 2023-08-14
  [TIMING] day=894 elapsed=3.65s total=3238s
Progress: 895/1578 days processed: 2023-08-15
  [TIMING] day=895 elapsed=3.67s total=3242s
Progress: 896/1578 days processed: 2023-08-16
  [TIMING] day=896 elapsed=3.47s total=3245s
Progress: 897/1578 days processed: 2023-08-17
  [TIMING] day=897 elapsed=3.51s total=3249s
Progress: 898/1578 days processed: 2023-08-18
  [TIMING] day=898 elapsed=3.69s total=3253s
Progress: 899/1578 days processed: 2023-08-21
  [TIMING] day=899 elapsed=3.85s total=3256s
Progress: 900/1578 days processed: 2023-08-22
  [TIMING] day=900 elapsed=3.55s total=3260s
Progress: 901/1578 days processed: 2023-08-23
  [TIMING] day=901 elapsed=3.60s total=3264s
Progress: 902/1578 days processed: 2023-08-24
  [TIMING] day=902 elapsed=3.49s total=3267s
Progress: 903/1578 days processed: 2023-08-25
  [TIMING] day=903 elapsed=3.46s total=3271s
Progress: 904/1578 days processed: 2023-08-28
  [TIMING] day=904 elapsed=3.59s total=3274s
Progress: 905/1578 days processed: 2023-08-29
  [TIMING] day=905 elapsed=3.60s total=3278s
Progress: 906/1578 days processed: 2023-08-30
  [TIMING] day=906 elapsed=3.52s total=3281s
Progress: 907/1578 days processed: 2023-08-31
  [TIMING] day=907 elapsed=3.67s total=3285s
Progress: 908/1578 days processed: 2023-09-01
  [TIMING] day=908 elapsed=3.56s total=3289s
Progress: 909/1578 days processed: 2023-09-04
  [TIMING] day=909 elapsed=3.42s total=3292s
Progress: 910/1578 days processed: 2023-09-05
  [TIMING] day=910 elapsed=3.43s total=3295s
Progress: 911/1578 days processed: 2023-09-06
  [TIMING] day=911 elapsed=3.43s total=3299s
Progress: 912/1578 days processed: 2023-09-07
  [TIMING] day=912 elapsed=3.66s total=3302s
Progress: 913/1578 days processed: 2023-09-08
  [TIMING] day=913 elapsed=3.35s total=3306s
Progress: 914/1578 days processed: 2023-09-11
  [TIMING] day=914 elapsed=3.73s total=3310s
Progress: 915/1578 days processed: 2023-09-12
  [TIMING] day=915 elapsed=3.66s total=3313s
Progress: 916/1578 days processed: 2023-09-13
  [TIMING] day=916 elapsed=3.71s total=3317s
Progress: 917/1578 days processed: 2023-09-14
  [TIMING] day=917 elapsed=3.82s total=3321s
Progress: 918/1578 days processed: 2023-09-15
  [TIMING] day=918 elapsed=3.51s total=3324s
Progress: 919/1578 days processed: 2023-09-18
  [TIMING] day=919 elapsed=3.39s total=3328s
Progress: 920/1578 days processed: 2023-09-19
  [TIMING] day=920 elapsed=3.39s total=3331s
Progress: 921/1578 days processed: 2023-09-20
  [TIMING] day=921 elapsed=3.43s total=3334s
Progress: 922/1578 days processed: 2023-09-21
  [TIMING] day=922 elapsed=3.51s total=3338s
Progress: 923/1578 days processed: 2023-09-22
  [TIMING] day=923 elapsed=3.45s total=3341s
Progress: 924/1578 days processed: 2023-09-25
  [TIMING] day=924 elapsed=3.27s total=3345s
Progress: 925/1578 days processed: 2023-09-26
  [TIMING] day=925 elapsed=3.21s total=3348s
Progress: 926/1578 days processed: 2023-09-27
  [TIMING] day=926 elapsed=3.69s total=3352s
Progress: 927/1578 days processed: 2023-09-28
  [TIMING] day=927 elapsed=3.24s total=3355s
Progress: 928/1578 days processed: 2023-10-09
  [TIMING] day=928 elapsed=3.26s total=3358s
Progress: 929/1578 days processed: 2023-10-10
  [TIMING] day=929 elapsed=3.49s total=3362s
Progress: 930/1578 days processed: 2023-10-11
  [TIMING] day=930 elapsed=3.44s total=3365s
Progress: 931/1578 days processed: 2023-10-12
  [TIMING] day=931 elapsed=3.50s total=3369s
Progress: 932/1578 days processed: 2023-10-13
  [TIMING] day=932 elapsed=3.35s total=3372s
Progress: 933/1578 days processed: 2023-10-16
  [TIMING] day=933 elapsed=3.59s total=3375s
Progress: 934/1578 days processed: 2023-10-17
  [TIMING] day=934 elapsed=3.74s total=3379s
Progress: 935/1578 days processed: 2023-10-18
  [TIMING] day=935 elapsed=3.65s total=3383s
Progress: 936/1578 days processed: 2023-10-19
  [TIMING] day=936 elapsed=3.80s total=3387s
Progress: 937/1578 days processed: 2023-10-20
  [TIMING] day=937 elapsed=3.24s total=3390s
Progress: 938/1578 days processed: 2023-10-23
  [TIMING] day=938 elapsed=3.22s total=3393s
Progress: 939/1578 days processed: 2023-10-24
  [TIMING] day=939 elapsed=2.82s total=3396s
Progress: 940/1578 days processed: 2023-10-25
  [TIMING] day=940 elapsed=3.09s total=3399s
Progress: 941/1578 days processed: 2023-10-26
  [TIMING] day=941 elapsed=4.69s total=3404s
Progress: 942/1578 days processed: 2023-10-27
  [TIMING] day=942 elapsed=3.31s total=3407s
Progress: 943/1578 days processed: 2023-10-30
  [TIMING] day=943 elapsed=2.88s total=3410s
Progress: 944/1578 days processed: 2023-10-31
  [TIMING] day=944 elapsed=2.87s total=3413s
Progress: 945/1578 days processed: 2023-11-01
  [TIMING] day=945 elapsed=2.96s total=3416s
Progress: 946/1578 days processed: 2023-11-02
  [TIMING] day=946 elapsed=2.74s total=3418s
Progress: 947/1578 days processed: 2023-11-03
  [TIMING] day=947 elapsed=2.95s total=3421s
Progress: 948/1578 days processed: 2023-11-06
  [TIMING] day=948 elapsed=2.88s total=3424s
Progress: 949/1578 days processed: 2023-11-07
  [TIMING] day=949 elapsed=2.80s total=3427s
Progress: 950/1578 days processed: 2023-11-08
  [TIMING] day=950 elapsed=2.86s total=3430s
Progress: 951/1578 days processed: 2023-11-09
  [TIMING] day=951 elapsed=2.88s total=3433s
Progress: 952/1578 days processed: 2023-11-10
  [TIMING] day=952 elapsed=2.95s total=3436s
Progress: 953/1578 days processed: 2023-11-13
  [TIMING] day=953 elapsed=2.86s total=3439s
Progress: 954/1578 days processed: 2023-11-14
  [TIMING] day=954 elapsed=2.81s total=3441s
Progress: 955/1578 days processed: 2023-11-15
  [TIMING] day=955 elapsed=2.85s total=3444s
Progress: 956/1578 days processed: 2023-11-16
  [TIMING] day=956 elapsed=2.77s total=3447s
Progress: 957/1578 days processed: 2023-11-17
  [TIMING] day=957 elapsed=2.76s total=3450s
Progress: 958/1578 days processed: 2023-11-20
  [TIMING] day=958 elapsed=2.96s total=3453s
Progress: 959/1578 days processed: 2023-11-21
  [TIMING] day=959 elapsed=2.76s total=3456s
Progress: 960/1578 days processed: 2023-11-22
  [TIMING] day=960 elapsed=2.77s total=3458s
Progress: 961/1578 days processed: 2023-11-23
  [TIMING] day=961 elapsed=2.95s total=3461s
Progress: 962/1578 days processed: 2023-11-24
  [TIMING] day=962 elapsed=2.77s total=3464s
Progress: 963/1578 days processed: 2023-11-27
  [TIMING] day=963 elapsed=2.78s total=3467s
Progress: 964/1578 days processed: 2023-11-28
  [TIMING] day=964 elapsed=2.72s total=3470s
Progress: 965/1578 days processed: 2023-11-29
  [TIMING] day=965 elapsed=2.72s total=3472s
Progress: 966/1578 days processed: 2023-11-30
  [TIMING] day=966 elapsed=2.74s total=3475s
Progress: 967/1578 days processed: 2023-12-01
  [TIMING] day=967 elapsed=2.90s total=3478s
Progress: 968/1578 days processed: 2023-12-04
  [TIMING] day=968 elapsed=2.64s total=3481s
Progress: 969/1578 days processed: 2023-12-05
  [TIMING] day=969 elapsed=2.74s total=3483s
Progress: 970/1578 days processed: 2023-12-06
  [TIMING] day=970 elapsed=2.58s total=3486s
Progress: 971/1578 days processed: 2023-12-07
  [TIMING] day=971 elapsed=2.67s total=3489s
Progress: 972/1578 days processed: 2023-12-08
  [TIMING] day=972 elapsed=2.62s total=3491s
Progress: 973/1578 days processed: 2023-12-11
  [TIMING] day=973 elapsed=2.80s total=3494s
Progress: 974/1578 days processed: 2023-12-12
  [TIMING] day=974 elapsed=2.99s total=3497s
Progress: 975/1578 days processed: 2023-12-13
  [TIMING] day=975 elapsed=2.75s total=3500s
Progress: 976/1578 days processed: 2023-12-14
  [TIMING] day=976 elapsed=2.64s total=3502s
Progress: 977/1578 days processed: 2023-12-15
  [TIMING] day=977 elapsed=2.72s total=3505s
Progress: 978/1578 days processed: 2023-12-18
  [TIMING] day=978 elapsed=2.82s total=3508s
Progress: 979/1578 days processed: 2023-12-19
  [TIMING] day=979 elapsed=2.68s total=3511s
Progress: 980/1578 days processed: 2023-12-20
  [TIMING] day=980 elapsed=3.04s total=3514s
Progress: 981/1578 days processed: 2023-12-21
  [TIMING] day=981 elapsed=2.72s total=3516s
Progress: 982/1578 days processed: 2023-12-22
  [TIMING] day=982 elapsed=2.67s total=3519s
Progress: 983/1578 days processed: 2023-12-25
  [TIMING] day=983 elapsed=2.64s total=3522s
Progress: 984/1578 days processed: 2023-12-26
  [TIMING] day=984 elapsed=2.62s total=3524s
Progress: 985/1578 days processed: 2023-12-27
  [TIMING] day=985 elapsed=2.73s total=3527s
Progress: 986/1578 days processed: 2023-12-28
  [TIMING] day=986 elapsed=2.78s total=3530s
Progress: 987/1578 days processed: 2023-12-29
  [TIMING] day=987 elapsed=2.66s total=3532s
Progress: 988/1578 days processed: 2024-01-02
  [TIMING] day=988 elapsed=5.94s total=3538s
Progress: 989/1578 days processed: 2024-01-03
  [TIMING] day=989 elapsed=4.94s total=3543s
Progress: 990/1578 days processed: 2024-01-04
  [TIMING] day=990 elapsed=5.26s total=3549s
Progress: 991/1578 days processed: 2024-01-05
  [TIMING] day=991 elapsed=5.45s total=3554s
Progress: 992/1578 days processed: 2024-01-08
  [TIMING] day=992 elapsed=5.17s total=3559s
Progress: 993/1578 days processed: 2024-01-09
  [TIMING] day=993 elapsed=5.09s total=3564s
Progress: 994/1578 days processed: 2024-01-10
  [TIMING] day=994 elapsed=5.17s total=3569s
Progress: 995/1578 days processed: 2024-01-11
  [TIMING] day=995 elapsed=4.40s total=3574s
Progress: 996/1578 days processed: 2024-01-12
  [TIMING] day=996 elapsed=4.47s total=3578s
Progress: 997/1578 days processed: 2024-01-15
  [TIMING] day=997 elapsed=4.33s total=3583s
Progress: 998/1578 days processed: 2024-01-16
  [TIMING] day=998 elapsed=4.45s total=3587s
Progress: 999/1578 days processed: 2024-01-17
  [TIMING] day=999 elapsed=4.59s total=3592s
Progress: 1000/1578 days processed: 2024-01-18
  [TIMING] day=1000 elapsed=4.41s total=3596s
Progress: 1001/1578 days processed: 2024-01-19
  [TIMING] day=1001 elapsed=4.75s total=3601s
Progress: 1002/1578 days processed: 2024-01-22
  [TIMING] day=1002 elapsed=4.36s total=3605s
Progress: 1003/1578 days processed: 2024-01-23
  [TIMING] day=1003 elapsed=4.52s total=3610s
Progress: 1004/1578 days processed: 2024-01-24
  [TIMING] day=1004 elapsed=4.83s total=3615s
Progress: 1005/1578 days processed: 2024-01-25
  [TIMING] day=1005 elapsed=4.97s total=3620s
Progress: 1006/1578 days processed: 2024-01-26
  [TIMING] day=1006 elapsed=4.55s total=3624s
Progress: 1007/1578 days processed: 2024-01-29
  [TIMING] day=1007 elapsed=4.43s total=3629s
Progress: 1008/1578 days processed: 2024-01-30
  [TIMING] day=1008 elapsed=4.42s total=3633s
Progress: 1009/1578 days processed: 2024-01-31
  [TIMING] day=1009 elapsed=4.42s total=3637s
Progress: 1010/1578 days processed: 2024-02-01
  [TIMING] day=1010 elapsed=4.90s total=3642s
Progress: 1011/1578 days processed: 2024-02-02
  [TIMING] day=1011 elapsed=4.40s total=3647s
Progress: 1012/1578 days processed: 2024-02-05
  [TIMING] day=1012 elapsed=4.32s total=3651s
Progress: 1013/1578 days processed: 2024-02-06
  [TIMING] day=1013 elapsed=4.37s total=3655s
Progress: 1014/1578 days processed: 2024-02-07
  [TIMING] day=1014 elapsed=4.32s total=3660s
Progress: 1015/1578 days processed: 2024-02-08
  [TIMING] day=1015 elapsed=4.36s total=3664s
Progress: 1016/1578 days processed: 2024-02-19
  [TIMING] day=1016 elapsed=4.67s total=3669s
Progress: 1017/1578 days processed: 2024-02-20
  [TIMING] day=1017 elapsed=4.47s total=3673s
Progress: 1018/1578 days processed: 2024-02-21
  [TIMING] day=1018 elapsed=4.19s total=3677s
Progress: 1019/1578 days processed: 2024-02-22
  [TIMING] day=1019 elapsed=4.35s total=3682s
Progress: 1020/1578 days processed: 2024-02-23
  [TIMING] day=1020 elapsed=4.12s total=3686s
Progress: 1021/1578 days processed: 2024-02-26
  [TIMING] day=1021 elapsed=4.13s total=3690s
Progress: 1022/1578 days processed: 2024-02-27
  [TIMING] day=1022 elapsed=4.10s total=3694s
Progress: 1023/1578 days processed: 2024-02-28
  [TIMING] day=1023 elapsed=4.00s total=3698s
Progress: 1024/1578 days processed: 2024-02-29
  [TIMING] day=1024 elapsed=4.05s total=3702s
Progress: 1025/1578 days processed: 2024-03-01
  [TIMING] day=1025 elapsed=3.92s total=3706s
Progress: 1026/1578 days processed: 2024-03-04
  [TIMING] day=1026 elapsed=4.05s total=3710s
Progress: 1027/1578 days processed: 2024-03-05
  [TIMING] day=1027 elapsed=4.08s total=3714s
Progress: 1028/1578 days processed: 2024-03-06
  [TIMING] day=1028 elapsed=4.00s total=3718s
Progress: 1029/1578 days processed: 2024-03-07
  [TIMING] day=1029 elapsed=4.08s total=3722s
Progress: 1030/1578 days processed: 2024-03-08
  [TIMING] day=1030 elapsed=3.97s total=3726s
Progress: 1031/1578 days processed: 2024-03-11
  [TIMING] day=1031 elapsed=3.98s total=3730s
Progress: 1032/1578 days processed: 2024-03-12
  [TIMING] day=1032 elapsed=4.09s total=3734s
Progress: 1033/1578 days processed: 2024-03-13
  [TIMING] day=1033 elapsed=3.46s total=3738s
Progress: 1034/1578 days processed: 2024-03-14
  [TIMING] day=1034 elapsed=3.78s total=3742s
Progress: 1035/1578 days processed: 2024-03-15
  [TIMING] day=1035 elapsed=3.71s total=3745s
Progress: 1036/1578 days processed: 2024-03-18
  [TIMING] day=1036 elapsed=3.72s total=3749s
Progress: 1037/1578 days processed: 2024-03-19
  [TIMING] day=1037 elapsed=3.77s total=3753s
Progress: 1038/1578 days processed: 2024-03-20
  [TIMING] day=1038 elapsed=3.66s total=3756s
Progress: 1039/1578 days processed: 2024-03-21
  [TIMING] day=1039 elapsed=3.73s total=3760s
Progress: 1040/1578 days processed: 2024-03-22
  [TIMING] day=1040 elapsed=3.70s total=3764s
Progress: 1041/1578 days processed: 2024-03-25
  [TIMING] day=1041 elapsed=3.69s total=3768s
Progress: 1042/1578 days processed: 2024-03-26
  [TIMING] day=1042 elapsed=3.68s total=3771s
Progress: 1043/1578 days processed: 2024-03-27
  [TIMING] day=1043 elapsed=3.70s total=3775s
Progress: 1044/1578 days processed: 2024-03-28
  [TIMING] day=1044 elapsed=3.59s total=3779s
Progress: 1045/1578 days processed: 2024-03-29
  [TIMING] day=1045 elapsed=3.74s total=3782s
Progress: 1046/1578 days processed: 2024-04-01
  [TIMING] day=1046 elapsed=3.63s total=3786s
Progress: 1047/1578 days processed: 2024-04-02
  [TIMING] day=1047 elapsed=3.69s total=3790s
Progress: 1048/1578 days processed: 2024-04-03
  [TIMING] day=1048 elapsed=3.75s total=3793s
Progress: 1049/1578 days processed: 2024-04-08
  [TIMING] day=1049 elapsed=3.73s total=3797s
Progress: 1050/1578 days processed: 2024-04-09
  [TIMING] day=1050 elapsed=3.66s total=3801s
Progress: 1051/1578 days processed: 2024-04-10
  [TIMING] day=1051 elapsed=3.64s total=3804s
Progress: 1052/1578 days processed: 2024-04-11
  [TIMING] day=1052 elapsed=3.58s total=3808s
Progress: 1053/1578 days processed: 2024-04-12
  [TIMING] day=1053 elapsed=3.66s total=3812s
Progress: 1054/1578 days processed: 2024-04-15
  [TIMING] day=1054 elapsed=3.56s total=3815s
Progress: 1055/1578 days processed: 2024-04-16
  [TIMING] day=1055 elapsed=3.60s total=3819s
Progress: 1056/1578 days processed: 2024-04-17
  [TIMING] day=1056 elapsed=3.56s total=3822s
Progress: 1057/1578 days processed: 2024-04-18
  [TIMING] day=1057 elapsed=3.51s total=3826s
Progress: 1058/1578 days processed: 2024-04-19
  [TIMING] day=1058 elapsed=3.58s total=3829s
Progress: 1059/1578 days processed: 2024-04-22
  [TIMING] day=1059 elapsed=3.43s total=3833s
Progress: 1060/1578 days processed: 2024-04-23
  [TIMING] day=1060 elapsed=3.35s total=3836s
Progress: 1061/1578 days processed: 2024-04-24
  [TIMING] day=1061 elapsed=3.79s total=3840s
Progress: 1062/1578 days processed: 2024-04-25
  [TIMING] day=1062 elapsed=3.73s total=3844s
Progress: 1063/1578 days processed: 2024-04-26
  [TIMING] day=1063 elapsed=3.59s total=3847s
Progress: 1064/1578 days processed: 2024-04-29
  [TIMING] day=1064 elapsed=3.44s total=3851s
Progress: 1065/1578 days processed: 2024-04-30
  [TIMING] day=1065 elapsed=3.62s total=3854s
Progress: 1066/1578 days processed: 2024-05-06
  [TIMING] day=1066 elapsed=3.51s total=3858s
Progress: 1067/1578 days processed: 2024-05-07
  [TIMING] day=1067 elapsed=3.53s total=3861s
Progress: 1068/1578 days processed: 2024-05-08
  [TIMING] day=1068 elapsed=3.50s total=3865s
Progress: 1069/1578 days processed: 2024-05-09
  [TIMING] day=1069 elapsed=3.48s total=3868s
Progress: 1070/1578 days processed: 2024-05-10
  [TIMING] day=1070 elapsed=3.51s total=3872s
Progress: 1071/1578 days processed: 2024-05-13
  [TIMING] day=1071 elapsed=3.46s total=3875s
Progress: 1072/1578 days processed: 2024-05-14
  [TIMING] day=1072 elapsed=3.47s total=3879s
Progress: 1073/1578 days processed: 2024-05-15
  [TIMING] day=1073 elapsed=3.50s total=3882s
Progress: 1074/1578 days processed: 2024-05-16
  [TIMING] day=1074 elapsed=3.51s total=3886s
Progress: 1075/1578 days processed: 2024-05-17
  [TIMING] day=1075 elapsed=3.46s total=3889s
Progress: 1076/1578 days processed: 2024-05-20
  [TIMING] day=1076 elapsed=3.45s total=3893s
Progress: 1077/1578 days processed: 2024-05-21
  [TIMING] day=1077 elapsed=3.45s total=3896s
Progress: 1078/1578 days processed: 2024-05-22
  [TIMING] day=1078 elapsed=3.42s total=3900s
Progress: 1079/1578 days processed: 2024-05-23
  [TIMING] day=1079 elapsed=3.40s total=3903s
Progress: 1080/1578 days processed: 2024-05-24
  [TIMING] day=1080 elapsed=3.45s total=3906s
Progress: 1081/1578 days processed: 2024-05-27
  [TIMING] day=1081 elapsed=3.36s total=3910s
Progress: 1082/1578 days processed: 2024-05-28
  [TIMING] day=1082 elapsed=3.45s total=3913s
Progress: 1083/1578 days processed: 2024-05-29
  [TIMING] day=1083 elapsed=3.46s total=3917s
Progress: 1084/1578 days processed: 2024-05-30
  [TIMING] day=1084 elapsed=3.41s total=3920s
Progress: 1085/1578 days processed: 2024-05-31
  [TIMING] day=1085 elapsed=3.39s total=3924s
Progress: 1086/1578 days processed: 2024-06-03
  [TIMING] day=1086 elapsed=3.28s total=3927s
Progress: 1087/1578 days processed: 2024-06-04
  [TIMING] day=1087 elapsed=3.28s total=3930s
Progress: 1088/1578 days processed: 2024-06-05
  [TIMING] day=1088 elapsed=3.40s total=3933s
Progress: 1089/1578 days processed: 2024-06-06
  [TIMING] day=1089 elapsed=3.37s total=3937s
Progress: 1090/1578 days processed: 2024-06-07
  [TIMING] day=1090 elapsed=3.33s total=3940s
Progress: 1091/1578 days processed: 2024-06-11
  [TIMING] day=1091 elapsed=3.17s total=3943s
Progress: 1092/1578 days processed: 2024-06-12
  [TIMING] day=1092 elapsed=3.33s total=3947s
Progress: 1093/1578 days processed: 2024-06-13
  [TIMING] day=1093 elapsed=3.43s total=3950s
Progress: 1094/1578 days processed: 2024-06-14
  [TIMING] day=1094 elapsed=3.51s total=3954s
Progress: 1095/1578 days processed: 2024-06-17
  [TIMING] day=1095 elapsed=3.41s total=3957s
Progress: 1096/1578 days processed: 2024-06-18
  [TIMING] day=1096 elapsed=3.32s total=3960s
Progress: 1097/1578 days processed: 2024-06-19
  [TIMING] day=1097 elapsed=3.37s total=3964s
Progress: 1098/1578 days processed: 2024-06-20
  [TIMING] day=1098 elapsed=3.32s total=3967s
Progress: 1099/1578 days processed: 2024-06-21
  [TIMING] day=1099 elapsed=3.33s total=3970s
Progress: 1100/1578 days processed: 2024-06-24
  [TIMING] day=1100 elapsed=3.43s total=3974s
Progress: 1101/1578 days processed: 2024-06-25
  [TIMING] day=1101 elapsed=3.35s total=3977s
Progress: 1102/1578 days processed: 2024-06-26
  [TIMING] day=1102 elapsed=3.28s total=3980s
Progress: 1103/1578 days processed: 2024-06-27
  [TIMING] day=1103 elapsed=3.35s total=3984s
Progress: 1104/1578 days processed: 2024-06-28
  [TIMING] day=1104 elapsed=3.30s total=3987s
Progress: 1105/1578 days processed: 2024-07-01
  [TIMING] day=1105 elapsed=3.27s total=3990s
Progress: 1106/1578 days processed: 2024-07-02
  [TIMING] day=1106 elapsed=3.29s total=3994s
Progress: 1107/1578 days processed: 2024-07-03
  [TIMING] day=1107 elapsed=3.27s total=3997s
Progress: 1108/1578 days processed: 2024-07-04
  [TIMING] day=1108 elapsed=3.22s total=4000s
Progress: 1109/1578 days processed: 2024-07-05
  [TIMING] day=1109 elapsed=3.24s total=4003s
Progress: 1110/1578 days processed: 2024-07-08
  [TIMING] day=1110 elapsed=3.22s total=4007s
Progress: 1111/1578 days processed: 2024-07-09
  [TIMING] day=1111 elapsed=3.23s total=4010s
Progress: 1112/1578 days processed: 2024-07-10
  [TIMING] day=1112 elapsed=3.24s total=4013s
Progress: 1113/1578 days processed: 2024-07-11
  [TIMING] day=1113 elapsed=3.22s total=4016s
Progress: 1114/1578 days processed: 2024-07-12
  [TIMING] day=1114 elapsed=3.14s total=4019s
Progress: 1115/1578 days processed: 2024-07-15
  [TIMING] day=1115 elapsed=3.18s total=4023s
Progress: 1116/1578 days processed: 2024-07-16
  [TIMING] day=1116 elapsed=3.13s total=4026s
Progress: 1117/1578 days processed: 2024-07-17
  [TIMING] day=1117 elapsed=3.13s total=4029s
Progress: 1118/1578 days processed: 2024-07-18
  [TIMING] day=1118 elapsed=3.24s total=4032s
Progress: 1119/1578 days processed: 2024-07-19
  [TIMING] day=1119 elapsed=3.36s total=4035s
Progress: 1120/1578 days processed: 2024-07-22
  [TIMING] day=1120 elapsed=3.17s total=4039s
Progress: 1121/1578 days processed: 2024-07-23
  [TIMING] day=1121 elapsed=3.18s total=4042s
Progress: 1122/1578 days processed: 2024-07-24
  [TIMING] day=1122 elapsed=3.12s total=4045s
Progress: 1123/1578 days processed: 2024-07-25
  [TIMING] day=1123 elapsed=2.93s total=4048s
Progress: 1124/1578 days processed: 2024-07-26
  [TIMING] day=1124 elapsed=3.08s total=4051s
Progress: 1125/1578 days processed: 2024-07-29
  [TIMING] day=1125 elapsed=3.33s total=4054s
Progress: 1126/1578 days processed: 2024-07-30
  [TIMING] day=1126 elapsed=3.20s total=4057s
Progress: 1127/1578 days processed: 2024-07-31
  [TIMING] day=1127 elapsed=3.14s total=4061s
Progress: 1128/1578 days processed: 2024-08-01
  [TIMING] day=1128 elapsed=3.12s total=4064s
Progress: 1129/1578 days processed: 2024-08-02
  [TIMING] day=1129 elapsed=2.99s total=4067s
Progress: 1130/1578 days processed: 2024-08-05
  [TIMING] day=1130 elapsed=3.00s total=4070s
Progress: 1131/1578 days processed: 2024-08-06
  [TIMING] day=1131 elapsed=3.03s total=4073s
Progress: 1132/1578 days processed: 2024-08-07
  [TIMING] day=1132 elapsed=3.09s total=4076s
Progress: 1133/1578 days processed: 2024-08-08
  [TIMING] day=1133 elapsed=3.09s total=4079s
Progress: 1134/1578 days processed: 2024-08-09
  [TIMING] day=1134 elapsed=3.16s total=4082s
Progress: 1135/1578 days processed: 2024-08-12
  [TIMING] day=1135 elapsed=2.95s total=4085s
Progress: 1136/1578 days processed: 2024-08-13
  [TIMING] day=1136 elapsed=3.08s total=4088s
Progress: 1137/1578 days processed: 2024-08-14
  [TIMING] day=1137 elapsed=3.07s total=4091s
Progress: 1138/1578 days processed: 2024-08-15
  [TIMING] day=1138 elapsed=3.23s total=4094s
Progress: 1139/1578 days processed: 2024-08-16
  [TIMING] day=1139 elapsed=3.04s total=4097s
Progress: 1140/1578 days processed: 2024-08-19
  [TIMING] day=1140 elapsed=3.06s total=4101s
Progress: 1141/1578 days processed: 2024-08-20
  [TIMING] day=1141 elapsed=3.03s total=4104s
Progress: 1142/1578 days processed: 2024-08-21
  [TIMING] day=1142 elapsed=2.97s total=4107s
Progress: 1143/1578 days processed: 2024-08-22
  [TIMING] day=1143 elapsed=2.94s total=4109s
Progress: 1144/1578 days processed: 2024-08-23
  [TIMING] day=1144 elapsed=3.06s total=4113s
Progress: 1145/1578 days processed: 2024-08-26
  [TIMING] day=1145 elapsed=3.02s total=4116s
Progress: 1146/1578 days processed: 2024-08-27
  [TIMING] day=1146 elapsed=3.11s total=4119s
Progress: 1147/1578 days processed: 2024-08-28
  [TIMING] day=1147 elapsed=2.97s total=4122s
Progress: 1148/1578 days processed: 2024-08-29
  [TIMING] day=1148 elapsed=2.93s total=4125s
Progress: 1149/1578 days processed: 2024-08-30
  [TIMING] day=1149 elapsed=2.98s total=4128s
Progress: 1150/1578 days processed: 2024-09-02
  [TIMING] day=1150 elapsed=2.86s total=4130s
Progress: 1151/1578 days processed: 2024-09-03
  [TIMING] day=1151 elapsed=3.00s total=4133s
Progress: 1152/1578 days processed: 2024-09-04
  [TIMING] day=1152 elapsed=2.89s total=4136s
Progress: 1153/1578 days processed: 2024-09-05
  [TIMING] day=1153 elapsed=2.91s total=4139s
Progress: 1154/1578 days processed: 2024-09-06
  [TIMING] day=1154 elapsed=2.88s total=4142s
Progress: 1155/1578 days processed: 2024-09-09
  [TIMING] day=1155 elapsed=2.87s total=4145s
Progress: 1156/1578 days processed: 2024-09-10
  [TIMING] day=1156 elapsed=2.90s total=4148s
Progress: 1157/1578 days processed: 2024-09-11
  [TIMING] day=1157 elapsed=2.92s total=4151s
Progress: 1158/1578 days processed: 2024-09-12
  [TIMING] day=1158 elapsed=3.05s total=4154s
Progress: 1159/1578 days processed: 2024-09-13
  [TIMING] day=1159 elapsed=2.86s total=4157s
Progress: 1160/1578 days processed: 2024-09-18
  [TIMING] day=1160 elapsed=2.85s total=4160s
Progress: 1161/1578 days processed: 2024-09-19
  [TIMING] day=1161 elapsed=2.86s total=4162s
Progress: 1162/1578 days processed: 2024-09-20
  [TIMING] day=1162 elapsed=2.85s total=4165s
Progress: 1163/1578 days processed: 2024-09-23
  [TIMING] day=1163 elapsed=2.77s total=4168s
Progress: 1164/1578 days processed: 2024-09-24
  [TIMING] day=1164 elapsed=2.81s total=4171s
Progress: 1165/1578 days processed: 2024-09-25
  [TIMING] day=1165 elapsed=2.89s total=4174s
Progress: 1166/1578 days processed: 2024-09-26
  [TIMING] day=1166 elapsed=2.89s total=4177s
Progress: 1167/1578 days processed: 2024-09-27
  [TIMING] day=1167 elapsed=2.73s total=4179s
Progress: 1168/1578 days processed: 2024-09-30
  [TIMING] day=1168 elapsed=2.86s total=4182s
Progress: 1169/1578 days processed: 2024-10-08
  [TIMING] day=1169 elapsed=2.73s total=4185s
Progress: 1170/1578 days processed: 2024-10-09
  [TIMING] day=1170 elapsed=2.67s total=4188s
Progress: 1171/1578 days processed: 2024-10-10
  [TIMING] day=1171 elapsed=2.67s total=4190s
Progress: 1172/1578 days processed: 2024-10-11
  [TIMING] day=1172 elapsed=2.67s total=4193s
Progress: 1173/1578 days processed: 2024-10-14
  [TIMING] day=1173 elapsed=2.79s total=4196s
Progress: 1174/1578 days processed: 2024-10-15
  [TIMING] day=1174 elapsed=2.73s total=4198s
Progress: 1175/1578 days processed: 2024-10-16
  [TIMING] day=1175 elapsed=2.68s total=4201s
Progress: 1176/1578 days processed: 2024-10-17
  [TIMING] day=1176 elapsed=2.79s total=4204s
Progress: 1177/1578 days processed: 2024-10-18
  [TIMING] day=1177 elapsed=2.69s total=4207s
Progress: 1178/1578 days processed: 2024-10-21
  [TIMING] day=1178 elapsed=2.66s total=4209s
Progress: 1179/1578 days processed: 2024-10-22
  [TIMING] day=1179 elapsed=2.72s total=4212s
Progress: 1180/1578 days processed: 2024-10-23
  [TIMING] day=1180 elapsed=2.90s total=4215s
Progress: 1181/1578 days processed: 2024-10-24
  [TIMING] day=1181 elapsed=2.78s total=4218s
Progress: 1182/1578 days processed: 2024-10-25
  [TIMING] day=1182 elapsed=2.64s total=4220s
Progress: 1183/1578 days processed: 2024-10-28
  [TIMING] day=1183 elapsed=2.72s total=4223s
Progress: 1184/1578 days processed: 2024-10-29
  [TIMING] day=1184 elapsed=2.65s total=4226s
Progress: 1185/1578 days processed: 2024-10-30
  [TIMING] day=1185 elapsed=2.63s total=4228s
Progress: 1186/1578 days processed: 2024-10-31
  [TIMING] day=1186 elapsed=2.65s total=4231s
Progress: 1187/1578 days processed: 2024-11-01
  [TIMING] day=1187 elapsed=2.63s total=4234s
Progress: 1188/1578 days processed: 2024-11-04
  [TIMING] day=1188 elapsed=2.51s total=4236s
Progress: 1189/1578 days processed: 2024-11-05
  [TIMING] day=1189 elapsed=2.62s total=4239s
Progress: 1190/1578 days processed: 2024-11-06
  [TIMING] day=1190 elapsed=2.57s total=4241s
Progress: 1191/1578 days processed: 2024-11-07
  [TIMING] day=1191 elapsed=2.77s total=4244s
Progress: 1192/1578 days processed: 2024-11-08
  [TIMING] day=1192 elapsed=2.67s total=4247s
Progress: 1193/1578 days processed: 2024-11-11
  [TIMING] day=1193 elapsed=2.62s total=4249s
Progress: 1194/1578 days processed: 2024-11-12
  [TIMING] day=1194 elapsed=2.70s total=4252s
Progress: 1195/1578 days processed: 2024-11-13
  [TIMING] day=1195 elapsed=2.56s total=4255s
Progress: 1196/1578 days processed: 2024-11-14
  [TIMING] day=1196 elapsed=2.62s total=4257s
Progress: 1197/1578 days processed: 2024-11-15
  [TIMING] day=1197 elapsed=2.46s total=4260s
Progress: 1198/1578 days processed: 2024-11-18
  [TIMING] day=1198 elapsed=2.60s total=4262s
Progress: 1199/1578 days processed: 2024-11-19
  [TIMING] day=1199 elapsed=2.58s total=4265s
Progress: 1200/1578 days processed: 2024-11-20
  [TIMING] day=1200 elapsed=2.72s total=4268s
Progress: 1201/1578 days processed: 2024-11-21
  [TIMING] day=1201 elapsed=2.74s total=4270s
Progress: 1202/1578 days processed: 2024-11-22
  [TIMING] day=1202 elapsed=2.71s total=4273s
Progress: 1203/1578 days processed: 2024-11-25
  [TIMING] day=1203 elapsed=2.55s total=4276s
Progress: 1204/1578 days processed: 2024-11-26
  [TIMING] day=1204 elapsed=2.60s total=4278s
Progress: 1205/1578 days processed: 2024-11-27
  [TIMING] day=1205 elapsed=2.51s total=4281s
Progress: 1206/1578 days processed: 2024-11-28
  [TIMING] day=1206 elapsed=2.64s total=4283s
Progress: 1207/1578 days processed: 2024-11-29
  [TIMING] day=1207 elapsed=2.54s total=4286s
Progress: 1208/1578 days processed: 2024-12-02
  [TIMING] day=1208 elapsed=2.57s total=4289s
Progress: 1209/1578 days processed: 2024-12-03
  [TIMING] day=1209 elapsed=2.50s total=4291s
Progress: 1210/1578 days processed: 2024-12-04
  [TIMING] day=1210 elapsed=2.50s total=4293s
Progress: 1211/1578 days processed: 2024-12-05
  [TIMING] day=1211 elapsed=2.54s total=4296s
Progress: 1212/1578 days processed: 2024-12-06
  [TIMING] day=1212 elapsed=2.55s total=4299s
Progress: 1213/1578 days processed: 2024-12-09
  [TIMING] day=1213 elapsed=2.50s total=4301s
Progress: 1214/1578 days processed: 2024-12-10
  [TIMING] day=1214 elapsed=2.47s total=4304s
Progress: 1215/1578 days processed: 2024-12-11
  [TIMING] day=1215 elapsed=2.42s total=4306s
Progress: 1216/1578 days processed: 2024-12-12
  [TIMING] day=1216 elapsed=2.47s total=4308s
Progress: 1217/1578 days processed: 2024-12-13
  [TIMING] day=1217 elapsed=2.43s total=4311s
Progress: 1218/1578 days processed: 2024-12-16
  [TIMING] day=1218 elapsed=2.46s total=4313s
Progress: 1219/1578 days processed: 2024-12-17
  [TIMING] day=1219 elapsed=2.42s total=4316s
Progress: 1220/1578 days processed: 2024-12-18
  [TIMING] day=1220 elapsed=2.43s total=4318s
Progress: 1221/1578 days processed: 2024-12-19
  [TIMING] day=1221 elapsed=2.38s total=4321s
Progress: 1222/1578 days processed: 2024-12-20
  [TIMING] day=1222 elapsed=2.37s total=4323s
Progress: 1223/1578 days processed: 2024-12-23
  [TIMING] day=1223 elapsed=2.41s total=4325s
Progress: 1224/1578 days processed: 2024-12-24
  [TIMING] day=1224 elapsed=2.43s total=4328s
Progress: 1225/1578 days processed: 2024-12-25
  [TIMING] day=1225 elapsed=2.38s total=4330s
Progress: 1226/1578 days processed: 2024-12-26
  [TIMING] day=1226 elapsed=2.41s total=4333s
Progress: 1227/1578 days processed: 2024-12-27
  [TIMING] day=1227 elapsed=2.45s total=4335s
Progress: 1228/1578 days processed: 2024-12-30
  [TIMING] day=1228 elapsed=2.33s total=4337s
Progress: 1229/1578 days processed: 2024-12-31
  [TIMING] day=1229 elapsed=2.33s total=4340s
Progress: 1230/1578 days processed: 2025-01-02
  [TIMING] day=1230 elapsed=4.54s total=4344s
Progress: 1231/1578 days processed: 2025-01-03
  [TIMING] day=1231 elapsed=4.57s total=4349s
Progress: 1232/1578 days processed: 2025-01-06
  [TIMING] day=1232 elapsed=4.94s total=4354s
Progress: 1233/1578 days processed: 2025-01-07
  [TIMING] day=1233 elapsed=5.04s total=4359s
Progress: 1234/1578 days processed: 2025-01-08
  [TIMING] day=1234 elapsed=5.03s total=4364s
Progress: 1235/1578 days processed: 2025-01-09
  [TIMING] day=1235 elapsed=4.35s total=4368s
Progress: 1236/1578 days processed: 2025-01-10
  [TIMING] day=1236 elapsed=4.75s total=4373s
Progress: 1237/1578 days processed: 2025-01-13
  [TIMING] day=1237 elapsed=4.71s total=4378s
Progress: 1238/1578 days processed: 2025-01-14
  [TIMING] day=1238 elapsed=4.72s total=4382s
Progress: 1239/1578 days processed: 2025-01-15
  [TIMING] day=1239 elapsed=4.68s total=4387s
Progress: 1240/1578 days processed: 2025-01-16
  [TIMING] day=1240 elapsed=4.67s total=4392s
Progress: 1241/1578 days processed: 2025-01-17
  [TIMING] day=1241 elapsed=4.95s total=4397s
Progress: 1242/1578 days processed: 2025-01-20
  [TIMING] day=1242 elapsed=4.77s total=4401s
Progress: 1243/1578 days processed: 2025-01-21
  [TIMING] day=1243 elapsed=4.67s total=4406s
Progress: 1244/1578 days processed: 2025-01-22
  [TIMING] day=1244 elapsed=4.62s total=4411s
Progress: 1245/1578 days processed: 2025-01-23
  [TIMING] day=1245 elapsed=4.65s total=4415s
Progress: 1246/1578 days processed: 2025-01-24
  [TIMING] day=1246 elapsed=4.54s total=4420s
Progress: 1247/1578 days processed: 2025-01-27
  [TIMING] day=1247 elapsed=4.62s total=4424s
Progress: 1248/1578 days processed: 2025-02-05
  [TIMING] day=1248 elapsed=4.59s total=4429s
Progress: 1249/1578 days processed: 2025-02-06
  [TIMING] day=1249 elapsed=4.65s total=4434s
Progress: 1250/1578 days processed: 2025-02-07
  [TIMING] day=1250 elapsed=4.63s total=4438s
Progress: 1251/1578 days processed: 2025-02-10
  [TIMING] day=1251 elapsed=4.90s total=4443s
Progress: 1252/1578 days processed: 2025-02-11
  [TIMING] day=1252 elapsed=4.69s total=4448s
Progress: 1253/1578 days processed: 2025-02-12
  [TIMING] day=1253 elapsed=4.55s total=4452s
Progress: 1254/1578 days processed: 2025-02-13
  [TIMING] day=1254 elapsed=4.79s total=4457s
Progress: 1255/1578 days processed: 2025-02-14
  [TIMING] day=1255 elapsed=4.67s total=4462s
Progress: 1256/1578 days processed: 2025-02-17
  [TIMING] day=1256 elapsed=4.31s total=4466s
Progress: 1257/1578 days processed: 2025-02-18
  [TIMING] day=1257 elapsed=4.59s total=4471s
Progress: 1258/1578 days processed: 2025-02-19
  [TIMING] day=1258 elapsed=4.63s total=4475s
Progress: 1259/1578 days processed: 2025-02-20
  [TIMING] day=1259 elapsed=4.49s total=4480s
Progress: 1260/1578 days processed: 2025-02-21
  [TIMING] day=1260 elapsed=4.55s total=4485s
Progress: 1261/1578 days processed: 2025-02-24
  [TIMING] day=1261 elapsed=4.61s total=4489s
Progress: 1262/1578 days processed: 2025-02-25
  [TIMING] day=1262 elapsed=4.55s total=4494s
Progress: 1263/1578 days processed: 2025-02-26
  [TIMING] day=1263 elapsed=4.54s total=4498s
Progress: 1264/1578 days processed: 2025-02-27
  [TIMING] day=1264 elapsed=4.59s total=4503s
Progress: 1265/1578 days processed: 2025-02-28
  [TIMING] day=1265 elapsed=4.52s total=4507s
Progress: 1266/1578 days processed: 2025-03-03
  [TIMING] day=1266 elapsed=4.52s total=4512s
Progress: 1267/1578 days processed: 2025-03-04
  [TIMING] day=1267 elapsed=4.65s total=4517s
Progress: 1268/1578 days processed: 2025-03-05
  [TIMING] day=1268 elapsed=4.42s total=4521s
Progress: 1269/1578 days processed: 2025-03-06
  [TIMING] day=1269 elapsed=4.50s total=4525s
Progress: 1270/1578 days processed: 2025-03-07
  [TIMING] day=1270 elapsed=4.35s total=4530s
Progress: 1271/1578 days processed: 2025-03-10
  [TIMING] day=1271 elapsed=4.41s total=4534s
Progress: 1272/1578 days processed: 2025-03-11
  [TIMING] day=1272 elapsed=4.43s total=4539s
Progress: 1273/1578 days processed: 2025-03-12
  [TIMING] day=1273 elapsed=4.45s total=4543s
Progress: 1274/1578 days processed: 2025-03-13
  [TIMING] day=1274 elapsed=4.48s total=4548s
Progress: 1275/1578 days processed: 2025-03-14
  [TIMING] day=1275 elapsed=3.81s total=4551s
Progress: 1276/1578 days processed: 2025-03-17
  [TIMING] day=1276 elapsed=4.06s total=4555s
Progress: 1277/1578 days processed: 2025-03-18
  [TIMING] day=1277 elapsed=4.35s total=4560s
Progress: 1278/1578 days processed: 2025-03-19
  [TIMING] day=1278 elapsed=4.22s total=4564s
Progress: 1279/1578 days processed: 2025-03-20
  [TIMING] day=1279 elapsed=4.17s total=4568s
Progress: 1280/1578 days processed: 2025-03-21
  [TIMING] day=1280 elapsed=4.12s total=4572s
Progress: 1281/1578 days processed: 2025-03-24
  [TIMING] day=1281 elapsed=4.31s total=4577s
Progress: 1282/1578 days processed: 2025-03-25
  [TIMING] day=1282 elapsed=4.16s total=4581s
Progress: 1283/1578 days processed: 2025-03-26
  [TIMING] day=1283 elapsed=4.18s total=4585s
Progress: 1284/1578 days processed: 2025-03-27
  [TIMING] day=1284 elapsed=4.10s total=4589s
Progress: 1285/1578 days processed: 2025-03-28
  [TIMING] day=1285 elapsed=4.13s total=4593s
Progress: 1286/1578 days processed: 2025-03-31
  [TIMING] day=1286 elapsed=4.02s total=4597s
Progress: 1287/1578 days processed: 2025-04-01
  [TIMING] day=1287 elapsed=4.00s total=4601s
Progress: 1288/1578 days processed: 2025-04-02
  [TIMING] day=1288 elapsed=4.25s total=4605s
Progress: 1289/1578 days processed: 2025-04-03
  [TIMING] day=1289 elapsed=4.15s total=4610s
Progress: 1290/1578 days processed: 2025-04-07
  [TIMING] day=1290 elapsed=3.62s total=4613s
Progress: 1291/1578 days processed: 2025-04-08
  [TIMING] day=1291 elapsed=3.97s total=4617s
Progress: 1292/1578 days processed: 2025-04-09
  [TIMING] day=1292 elapsed=3.90s total=4621s
Progress: 1293/1578 days processed: 2025-04-10
  [TIMING] day=1293 elapsed=4.02s total=4625s
Progress: 1294/1578 days processed: 2025-04-11
  [TIMING] day=1294 elapsed=4.08s total=4629s
Progress: 1295/1578 days processed: 2025-04-14
  [TIMING] day=1295 elapsed=4.15s total=4633s
Progress: 1296/1578 days processed: 2025-04-15
  [TIMING] day=1296 elapsed=4.14s total=4637s
Progress: 1297/1578 days processed: 2025-04-16
  [TIMING] day=1297 elapsed=4.05s total=4642s
Progress: 1298/1578 days processed: 2025-04-17
  [TIMING] day=1298 elapsed=4.01s total=4646s
Progress: 1299/1578 days processed: 2025-04-18
  [TIMING] day=1299 elapsed=3.98s total=4650s
Progress: 1300/1578 days processed: 2025-04-21
  [TIMING] day=1300 elapsed=4.03s total=4654s
Progress: 1301/1578 days processed: 2025-04-22
  [TIMING] day=1301 elapsed=4.18s total=4658s
Progress: 1302/1578 days processed: 2025-04-23
  [TIMING] day=1302 elapsed=3.72s total=4661s
Progress: 1303/1578 days processed: 2025-04-24
  [TIMING] day=1303 elapsed=3.98s total=4665s
Progress: 1304/1578 days processed: 2025-04-25
  [TIMING] day=1304 elapsed=4.02s total=4669s
Progress: 1305/1578 days processed: 2025-04-28
  [TIMING] day=1305 elapsed=3.90s total=4673s
Progress: 1306/1578 days processed: 2025-04-29
  [TIMING] day=1306 elapsed=3.93s total=4677s
Progress: 1307/1578 days processed: 2025-04-30
  [TIMING] day=1307 elapsed=3.76s total=4681s
Progress: 1308/1578 days processed: 2025-05-06
  [TIMING] day=1308 elapsed=3.92s total=4685s
Progress: 1309/1578 days processed: 2025-05-07
  [TIMING] day=1309 elapsed=3.90s total=4689s
Progress: 1310/1578 days processed: 2025-05-08
  [TIMING] day=1310 elapsed=3.81s total=4693s
Progress: 1311/1578 days processed: 2025-05-09
  [TIMING] day=1311 elapsed=4.01s total=4697s
Progress: 1312/1578 days processed: 2025-05-12
  [TIMING] day=1312 elapsed=4.05s total=4701s
Progress: 1313/1578 days processed: 2025-05-13
  [TIMING] day=1313 elapsed=3.95s total=4705s
Progress: 1314/1578 days processed: 2025-05-14
  [TIMING] day=1314 elapsed=3.87s total=4709s
Progress: 1315/1578 days processed: 2025-05-15
  [TIMING] day=1315 elapsed=3.90s total=4712s
Progress: 1316/1578 days processed: 2025-05-16
  [TIMING] day=1316 elapsed=3.89s total=4716s
Progress: 1317/1578 days processed: 2025-05-19
  [TIMING] day=1317 elapsed=3.90s total=4720s
Progress: 1318/1578 days processed: 2025-05-20
  [TIMING] day=1318 elapsed=3.88s total=4724s
Progress: 1319/1578 days processed: 2025-05-21
  [TIMING] day=1319 elapsed=3.86s total=4728s
Progress: 1320/1578 days processed: 2025-05-22
  [TIMING] day=1320 elapsed=3.86s total=4732s
Progress: 1321/1578 days processed: 2025-05-23
  [TIMING] day=1321 elapsed=3.88s total=4736s
Progress: 1322/1578 days processed: 2025-05-26
  [TIMING] day=1322 elapsed=3.82s total=4739s
Progress: 1323/1578 days processed: 2025-05-27
  [TIMING] day=1323 elapsed=3.86s total=4743s
Progress: 1324/1578 days processed: 2025-05-28
  [TIMING] day=1324 elapsed=3.78s total=4747s
Progress: 1325/1578 days processed: 2025-05-29
  [TIMING] day=1325 elapsed=3.79s total=4751s
Progress: 1326/1578 days processed: 2025-05-30
  [TIMING] day=1326 elapsed=3.85s total=4755s
Progress: 1327/1578 days processed: 2025-06-03
  [TIMING] day=1327 elapsed=3.69s total=4758s
Progress: 1328/1578 days processed: 2025-06-04
  [TIMING] day=1328 elapsed=3.78s total=4762s
Progress: 1329/1578 days processed: 2025-06-05
  [TIMING] day=1329 elapsed=3.75s total=4766s
Progress: 1330/1578 days processed: 2025-06-06
  [TIMING] day=1330 elapsed=3.74s total=4770s
Progress: 1331/1578 days processed: 2025-06-09
  [TIMING] day=1331 elapsed=3.75s total=4773s
Progress: 1332/1578 days processed: 2025-06-10
  [TIMING] day=1332 elapsed=3.68s total=4777s
Progress: 1333/1578 days processed: 2025-06-11
  [TIMING] day=1333 elapsed=3.71s total=4781s
Progress: 1334/1578 days processed: 2025-06-12
  [TIMING] day=1334 elapsed=3.74s total=4785s
Progress: 1335/1578 days processed: 2025-06-13
  [TIMING] day=1335 elapsed=3.69s total=4788s
Progress: 1336/1578 days processed: 2025-06-16
  [TIMING] day=1336 elapsed=3.73s total=4792s
Progress: 1337/1578 days processed: 2025-06-17
  [TIMING] day=1337 elapsed=3.72s total=4796s
Progress: 1338/1578 days processed: 2025-06-18
  [TIMING] day=1338 elapsed=3.70s total=4799s
Progress: 1339/1578 days processed: 2025-06-19
  [TIMING] day=1339 elapsed=3.71s total=4803s
Progress: 1340/1578 days processed: 2025-06-20
  [TIMING] day=1340 elapsed=3.64s total=4807s
Progress: 1341/1578 days processed: 2025-06-23
  [TIMING] day=1341 elapsed=3.50s total=4810s
Progress: 1342/1578 days processed: 2025-06-24
  [TIMING] day=1342 elapsed=3.65s total=4814s
Progress: 1343/1578 days processed: 2025-06-25
  [TIMING] day=1343 elapsed=3.44s total=4817s
Progress: 1344/1578 days processed: 2025-06-26
  [TIMING] day=1344 elapsed=3.64s total=4821s
Progress: 1345/1578 days processed: 2025-06-27
  [TIMING] day=1345 elapsed=3.65s total=4825s
Progress: 1346/1578 days processed: 2025-06-30
  [TIMING] day=1346 elapsed=3.61s total=4828s
Progress: 1347/1578 days processed: 2025-07-01
  [TIMING] day=1347 elapsed=3.61s total=4832s
Progress: 1348/1578 days processed: 2025-07-02
  [TIMING] day=1348 elapsed=3.61s total=4836s
Progress: 1349/1578 days processed: 2025-07-03
  [TIMING] day=1349 elapsed=3.60s total=4839s
Progress: 1350/1578 days processed: 2025-07-04
  [TIMING] day=1350 elapsed=3.58s total=4843s
Progress: 1351/1578 days processed: 2025-07-07
  [TIMING] day=1351 elapsed=3.59s total=4846s
Progress: 1352/1578 days processed: 2025-07-08
  [TIMING] day=1352 elapsed=3.56s total=4850s
Progress: 1353/1578 days processed: 2025-07-09
  [TIMING] day=1353 elapsed=3.58s total=4853s
Progress: 1354/1578 days processed: 2025-07-10
  [TIMING] day=1354 elapsed=3.54s total=4857s
Progress: 1355/1578 days processed: 2025-07-11
  [TIMING] day=1355 elapsed=3.52s total=4860s
Progress: 1356/1578 days processed: 2025-07-14
  [TIMING] day=1356 elapsed=3.56s total=4864s
Progress: 1357/1578 days processed: 2025-07-15
  [TIMING] day=1357 elapsed=3.55s total=4868s
Progress: 1358/1578 days processed: 2025-07-16
  [TIMING] day=1358 elapsed=3.68s total=4871s
Progress: 1359/1578 days processed: 2025-07-17
  [TIMING] day=1359 elapsed=3.62s total=4875s
Progress: 1360/1578 days processed: 2025-07-18
  [TIMING] day=1360 elapsed=3.56s total=4878s
Progress: 1361/1578 days processed: 2025-07-21
  [TIMING] day=1361 elapsed=3.58s total=4882s
Progress: 1362/1578 days processed: 2025-07-22
  [TIMING] day=1362 elapsed=3.48s total=4886s
Progress: 1363/1578 days processed: 2025-07-23
  [TIMING] day=1363 elapsed=3.46s total=4889s
Progress: 1364/1578 days processed: 2025-07-24
  [TIMING] day=1364 elapsed=3.47s total=4892s
Progress: 1365/1578 days processed: 2025-07-25
  [TIMING] day=1365 elapsed=3.42s total=4896s
Progress: 1366/1578 days processed: 2025-07-28
  [TIMING] day=1366 elapsed=3.47s total=4899s
Progress: 1367/1578 days processed: 2025-07-29
  [TIMING] day=1367 elapsed=3.41s total=4903s
Progress: 1368/1578 days processed: 2025-07-30
  [TIMING] day=1368 elapsed=3.42s total=4906s
Progress: 1369/1578 days processed: 2025-07-31
  [TIMING] day=1369 elapsed=3.45s total=4910s
Progress: 1370/1578 days processed: 2025-08-01
  [TIMING] day=1370 elapsed=3.44s total=4913s
Progress: 1371/1578 days processed: 2025-08-04
  [TIMING] day=1371 elapsed=3.42s total=4916s
Progress: 1372/1578 days processed: 2025-08-05
  [TIMING] day=1372 elapsed=3.38s total=4920s
Progress: 1373/1578 days processed: 2025-08-06
  [TIMING] day=1373 elapsed=3.46s total=4923s
Progress: 1374/1578 days processed: 2025-08-07
  [TIMING] day=1374 elapsed=3.34s total=4927s
Progress: 1375/1578 days processed: 2025-08-08
  [TIMING] day=1375 elapsed=3.36s total=4930s
Progress: 1376/1578 days processed: 2025-08-11
  [TIMING] day=1376 elapsed=3.41s total=4933s
Progress: 1377/1578 days processed: 2025-08-12
  [TIMING] day=1377 elapsed=3.53s total=4937s
Progress: 1378/1578 days processed: 2025-08-13
  [TIMING] day=1378 elapsed=3.31s total=4940s
Progress: 1379/1578 days processed: 2025-08-14
  [TIMING] day=1379 elapsed=3.38s total=4944s
Progress: 1380/1578 days processed: 2025-08-15
  [TIMING] day=1380 elapsed=3.35s total=4947s
Progress: 1381/1578 days processed: 2025-08-18
  [TIMING] day=1381 elapsed=3.30s total=4950s
Progress: 1382/1578 days processed: 2025-08-19
  [TIMING] day=1382 elapsed=3.37s total=4954s
Progress: 1383/1578 days processed: 2025-08-20
  [TIMING] day=1383 elapsed=3.36s total=4957s
Progress: 1384/1578 days processed: 2025-08-21
  [TIMING] day=1384 elapsed=3.33s total=4960s
Progress: 1385/1578 days processed: 2025-08-22
  [TIMING] day=1385 elapsed=3.31s total=4964s
Progress: 1386/1578 days processed: 2025-08-25
  [TIMING] day=1386 elapsed=3.32s total=4967s
Progress: 1387/1578 days processed: 2025-08-26
  [TIMING] day=1387 elapsed=3.26s total=4970s
Progress: 1388/1578 days processed: 2025-08-27
  [TIMING] day=1388 elapsed=3.28s total=4974s
Progress: 1389/1578 days processed: 2025-08-28
  [TIMING] day=1389 elapsed=3.30s total=4977s
Progress: 1390/1578 days processed: 2025-08-29
  [TIMING] day=1390 elapsed=3.26s total=4980s
Progress: 1391/1578 days processed: 2025-09-01
  [TIMING] day=1391 elapsed=3.39s total=4983s
Progress: 1392/1578 days processed: 2025-09-02
  [TIMING] day=1392 elapsed=3.25s total=4987s
Progress: 1393/1578 days processed: 2025-09-03
  [TIMING] day=1393 elapsed=3.24s total=4990s
Progress: 1394/1578 days processed: 2025-09-04
  [TIMING] day=1394 elapsed=3.30s total=4993s
Progress: 1395/1578 days processed: 2025-09-05
  [TIMING] day=1395 elapsed=3.24s total=4997s
Progress: 1396/1578 days processed: 2025-09-08
  [TIMING] day=1396 elapsed=3.23s total=5000s
Progress: 1397/1578 days processed: 2025-09-09
  [TIMING] day=1397 elapsed=3.25s total=5003s
Progress: 1398/1578 days processed: 2025-09-10
  [TIMING] day=1398 elapsed=3.12s total=5006s
Progress: 1399/1578 days processed: 2025-09-11
  [TIMING] day=1399 elapsed=3.39s total=5010s
Progress: 1400/1578 days processed: 2025-09-12
  [TIMING] day=1400 elapsed=3.16s total=5013s
Progress: 1401/1578 days processed: 2025-09-15
  [TIMING] day=1401 elapsed=3.14s total=5016s
Progress: 1402/1578 days processed: 2025-09-16
  [TIMING] day=1402 elapsed=3.13s total=5019s
Progress: 1403/1578 days processed: 2025-09-17
  [TIMING] day=1403 elapsed=3.13s total=5022s
Progress: 1404/1578 days processed: 2025-09-18
  [TIMING] day=1404 elapsed=3.34s total=5025s
Progress: 1405/1578 days processed: 2025-09-19
  [TIMING] day=1405 elapsed=3.38s total=5029s
Progress: 1406/1578 days processed: 2025-09-22
  [TIMING] day=1406 elapsed=3.48s total=5032s
Progress: 1407/1578 days processed: 2025-09-23
  [TIMING] day=1407 elapsed=3.38s total=5036s
Progress: 1408/1578 days processed: 2025-09-24
  [TIMING] day=1408 elapsed=3.10s total=5039s
Progress: 1409/1578 days processed: 2025-09-25
  [TIMING] day=1409 elapsed=3.14s total=5042s
Progress: 1410/1578 days processed: 2025-09-26
  [TIMING] day=1410 elapsed=3.07s total=5045s
Progress: 1411/1578 days processed: 2025-09-29
  [TIMING] day=1411 elapsed=3.05s total=5048s
Progress: 1412/1578 days processed: 2025-09-30
  [TIMING] day=1412 elapsed=3.04s total=5051s
Progress: 1413/1578 days processed: 2025-10-09
  [TIMING] day=1413 elapsed=3.20s total=5054s
Progress: 1414/1578 days processed: 2025-10-10
  [TIMING] day=1414 elapsed=2.89s total=5057s
Progress: 1415/1578 days processed: 2025-10-13
  [TIMING] day=1415 elapsed=2.96s total=5060s
Progress: 1416/1578 days processed: 2025-10-14
  [TIMING] day=1416 elapsed=2.97s total=5063s
Progress: 1417/1578 days processed: 2025-10-15
  [TIMING] day=1417 elapsed=2.82s total=5066s
Progress: 1418/1578 days processed: 2025-10-16
  [TIMING] day=1418 elapsed=2.91s total=5069s
Progress: 1419/1578 days processed: 2025-10-17
  [TIMING] day=1419 elapsed=2.99s total=5072s
Progress: 1420/1578 days processed: 2025-10-20
  [TIMING] day=1420 elapsed=2.75s total=5075s
Progress: 1421/1578 days processed: 2025-10-21
  [TIMING] day=1421 elapsed=2.93s total=5077s
Progress: 1422/1578 days processed: 2025-10-22
  [TIMING] day=1422 elapsed=3.06s total=5081s
Progress: 1423/1578 days processed: 2025-10-23
  [TIMING] day=1423 elapsed=2.96s total=5084s
Progress: 1424/1578 days processed: 2025-10-24
  [TIMING] day=1424 elapsed=2.97s total=5086s
Progress: 1425/1578 days processed: 2025-10-27
  [TIMING] day=1425 elapsed=2.84s total=5089s
Progress: 1426/1578 days processed: 2025-10-28
  [TIMING] day=1426 elapsed=2.94s total=5092s
Progress: 1427/1578 days processed: 2025-10-29
  [TIMING] day=1427 elapsed=2.93s total=5095s
Progress: 1428/1578 days processed: 2025-10-30
  [TIMING] day=1428 elapsed=2.89s total=5098s
Progress: 1429/1578 days processed: 2025-10-31
  [TIMING] day=1429 elapsed=2.86s total=5101s
Progress: 1430/1578 days processed: 2025-11-03
  [TIMING] day=1430 elapsed=2.84s total=5104s
Progress: 1431/1578 days processed: 2025-11-04
  [TIMING] day=1431 elapsed=2.96s total=5107s
Progress: 1432/1578 days processed: 2025-11-05
  [TIMING] day=1432 elapsed=2.88s total=5110s
Progress: 1433/1578 days processed: 2025-11-06
  [TIMING] day=1433 elapsed=2.96s total=5113s
Progress: 1434/1578 days processed: 2025-11-07
  [TIMING] day=1434 elapsed=3.06s total=5116s
Progress: 1435/1578 days processed: 2025-11-10
  [TIMING] day=1435 elapsed=2.79s total=5118s
Progress: 1436/1578 days processed: 2025-11-11
  [TIMING] day=1436 elapsed=2.92s total=5121s
Progress: 1437/1578 days processed: 2025-11-12
  [TIMING] day=1437 elapsed=2.96s total=5124s
Progress: 1438/1578 days processed: 2025-11-13
  [TIMING] day=1438 elapsed=2.97s total=5127s
Progress: 1439/1578 days processed: 2025-11-14
  [TIMING] day=1439 elapsed=2.77s total=5130s
Progress: 1440/1578 days processed: 2025-11-17
  [TIMING] day=1440 elapsed=2.78s total=5133s
Progress: 1441/1578 days processed: 2025-11-18
  [TIMING] day=1441 elapsed=2.83s total=5136s
Progress: 1442/1578 days processed: 2025-11-19
  [TIMING] day=1442 elapsed=2.88s total=5139s
Progress: 1443/1578 days processed: 2025-11-20
  [TIMING] day=1443 elapsed=2.74s total=5141s
Progress: 1444/1578 days processed: 2025-11-21
  [TIMING] day=1444 elapsed=2.61s total=5144s
Progress: 1445/1578 days processed: 2025-11-24
  [TIMING] day=1445 elapsed=2.70s total=5147s
Progress: 1446/1578 days processed: 2025-11-25
  [TIMING] day=1446 elapsed=2.96s total=5150s
Progress: 1447/1578 days processed: 2025-11-26
  [TIMING] day=1447 elapsed=2.73s total=5152s
Progress: 1448/1578 days processed: 2025-11-27
  [TIMING] day=1448 elapsed=2.69s total=5155s
Progress: 1449/1578 days processed: 2025-11-28
  [TIMING] day=1449 elapsed=2.64s total=5158s
Progress: 1450/1578 days processed: 2025-12-01
  [TIMING] day=1450 elapsed=2.90s total=5161s
Progress: 1451/1578 days processed: 2025-12-02
  [TIMING] day=1451 elapsed=2.81s total=5163s
Progress: 1452/1578 days processed: 2025-12-03
  [TIMING] day=1452 elapsed=2.71s total=5166s
Progress: 1453/1578 days processed: 2025-12-04
  [TIMING] day=1453 elapsed=2.71s total=5169s
Progress: 1454/1578 days processed: 2025-12-05
  [TIMING] day=1454 elapsed=2.90s total=5172s
Progress: 1455/1578 days processed: 2025-12-08
  [TIMING] day=1455 elapsed=3.06s total=5175s
Progress: 1456/1578 days processed: 2025-12-09
  [TIMING] day=1456 elapsed=2.71s total=5177s
Progress: 1457/1578 days processed: 2025-12-10
  [TIMING] day=1457 elapsed=2.72s total=5180s
Progress: 1458/1578 days processed: 2025-12-11
  [TIMING] day=1458 elapsed=2.85s total=5183s
Progress: 1459/1578 days processed: 2025-12-12
  [TIMING] day=1459 elapsed=2.91s total=5186s
Progress: 1460/1578 days processed: 2025-12-15
  [TIMING] day=1460 elapsed=2.79s total=5189s
Progress: 1461/1578 days processed: 2025-12-16
  [TIMING] day=1461 elapsed=2.73s total=5191s
Progress: 1462/1578 days processed: 2025-12-17
  [TIMING] day=1462 elapsed=2.53s total=5194s
Progress: 1463/1578 days processed: 2025-12-18
  [TIMING] day=1463 elapsed=2.65s total=5197s
Progress: 1464/1578 days processed: 2025-12-19
  [TIMING] day=1464 elapsed=2.52s total=5199s
Progress: 1465/1578 days processed: 2025-12-22
  [TIMING] day=1465 elapsed=2.58s total=5202s
Progress: 1466/1578 days processed: 2025-12-23
  [TIMING] day=1466 elapsed=2.54s total=5204s
Progress: 1467/1578 days processed: 2025-12-24
  [TIMING] day=1467 elapsed=2.56s total=5207s
Progress: 1468/1578 days processed: 2025-12-25
  [TIMING] day=1468 elapsed=2.48s total=5209s
Progress: 1469/1578 days processed: 2025-12-26
  [TIMING] day=1469 elapsed=2.51s total=5212s
Progress: 1470/1578 days processed: 2025-12-29
  [TIMING] day=1470 elapsed=2.68s total=5214s
Progress: 1471/1578 days processed: 2025-12-30
  [TIMING] day=1471 elapsed=2.47s total=5217s
Progress: 1472/1578 days processed: 2025-12-31
  [TIMING] day=1472 elapsed=2.36s total=5219s
Progress: 1473/1578 days processed: 2026-01-05
  [TIMING] day=1473 elapsed=3.42s total=5223s
Progress: 1474/1578 days processed: 2026-01-06
  [TIMING] day=1474 elapsed=3.56s total=5226s
Progress: 1475/1578 days processed: 2026-01-07
  [TIMING] day=1475 elapsed=3.67s total=5230s
Progress: 1476/1578 days processed: 2026-01-08
  [TIMING] day=1476 elapsed=3.62s total=5234s
Progress: 1477/1578 days processed: 2026-01-09
  [TIMING] day=1477 elapsed=3.62s total=5237s
Progress: 1478/1578 days processed: 2026-01-12
  [TIMING] day=1478 elapsed=3.19s total=5240s
Progress: 1479/1578 days processed: 2026-01-13
  [TIMING] day=1479 elapsed=3.43s total=5244s
Progress: 1480/1578 days processed: 2026-01-14
  [TIMING] day=1480 elapsed=3.25s total=5247s
Progress: 1481/1578 days processed: 2026-01-15
  [TIMING] day=1481 elapsed=3.29s total=5250s
Progress: 1482/1578 days processed: 2026-01-16
  [TIMING] day=1482 elapsed=3.31s total=5254s
Progress: 1483/1578 days processed: 2026-01-19
  [TIMING] day=1483 elapsed=3.43s total=5257s
Progress: 1484/1578 days processed: 2026-01-20
  [TIMING] day=1484 elapsed=3.38s total=5260s
Progress: 1485/1578 days processed: 2026-01-21
  [TIMING] day=1485 elapsed=3.39s total=5264s
Progress: 1486/1578 days processed: 2026-01-22
  [TIMING] day=1486 elapsed=3.31s total=5267s
Progress: 1487/1578 days processed: 2026-01-23
  [TIMING] day=1487 elapsed=3.24s total=5270s
Progress: 1488/1578 days processed: 2026-01-26
  [TIMING] day=1488 elapsed=3.26s total=5274s
Progress: 1489/1578 days processed: 2026-01-27
  [TIMING] day=1489 elapsed=3.27s total=5277s
Progress: 1490/1578 days processed: 2026-01-28
  [TIMING] day=1490 elapsed=3.32s total=5280s
Progress: 1491/1578 days processed: 2026-01-29
  [TIMING] day=1491 elapsed=2.97s total=5283s
Progress: 1492/1578 days processed: 2026-01-30
  [TIMING] day=1492 elapsed=2.93s total=5286s
Progress: 1493/1578 days processed: 2026-02-02
  [TIMING] day=1493 elapsed=3.14s total=5289s
Progress: 1494/1578 days processed: 2026-02-03
  [TIMING] day=1494 elapsed=3.05s total=5292s
Progress: 1495/1578 days processed: 2026-02-04
  [TIMING] day=1495 elapsed=3.28s total=5296s
Progress: 1496/1578 days processed: 2026-02-05
  [TIMING] day=1496 elapsed=3.01s total=5299s
Progress: 1497/1578 days processed: 2026-02-06
  [TIMING] day=1497 elapsed=3.06s total=5302s
Progress: 1498/1578 days processed: 2026-02-09
  [TIMING] day=1498 elapsed=3.14s total=5305s
Progress: 1499/1578 days processed: 2026-02-10
  [TIMING] day=1499 elapsed=3.06s total=5308s
Progress: 1500/1578 days processed: 2026-02-11
  [TIMING] day=1500 elapsed=3.08s total=5311s
Progress: 1501/1578 days processed: 2026-02-12
  [TIMING] day=1501 elapsed=2.94s total=5314s
Progress: 1502/1578 days processed: 2026-02-13
  [TIMING] day=1502 elapsed=2.99s total=5317s
Progress: 1503/1578 days processed: 2026-02-24
  [TIMING] day=1503 elapsed=3.02s total=5320s
Progress: 1504/1578 days processed: 2026-02-25
  [TIMING] day=1504 elapsed=3.07s total=5323s
Progress: 1505/1578 days processed: 2026-02-26
  [TIMING] day=1505 elapsed=2.89s total=5326s
Progress: 1506/1578 days processed: 2026-02-27
  [TIMING] day=1506 elapsed=3.05s total=5329s
Progress: 1507/1578 days processed: 2026-03-02
  [TIMING] day=1507 elapsed=3.03s total=5332s
Progress: 1508/1578 days processed: 2026-03-03
  [TIMING] day=1508 elapsed=2.98s total=5335s
Progress: 1509/1578 days processed: 2026-03-04
  [TIMING] day=1509 elapsed=2.87s total=5338s
Progress: 1510/1578 days processed: 2026-03-05
  [TIMING] day=1510 elapsed=3.22s total=5341s
Progress: 1511/1578 days processed: 2026-03-06
  [TIMING] day=1511 elapsed=3.06s total=5344s
Progress: 1512/1578 days processed: 2026-03-09
  [TIMING] day=1512 elapsed=3.08s total=5347s
Progress: 1513/1578 days processed: 2026-03-10
  [TIMING] day=1513 elapsed=2.85s total=5350s
Progress: 1514/1578 days processed: 2026-03-11
  [TIMING] day=1514 elapsed=3.13s total=5353s
Progress: 1515/1578 days processed: 2026-03-12
  [TIMING] day=1515 elapsed=3.01s total=5356s
Progress: 1516/1578 days processed: 2026-03-13
  [TIMING] day=1516 elapsed=3.00s total=5359s
Progress: 1517/1578 days processed: 2026-03-16
  [TIMING] day=1517 elapsed=2.79s total=5362s
Progress: 1518/1578 days processed: 2026-03-17
  [TIMING] day=1518 elapsed=2.50s total=5364s
Progress: 1519/1578 days processed: 2026-03-18
  [TIMING] day=1519 elapsed=2.57s total=5367s
Progress: 1520/1578 days processed: 2026-03-19
  [TIMING] day=1520 elapsed=2.59s total=5370s
Progress: 1521/1578 days processed: 2026-03-20
  [TIMING] day=1521 elapsed=2.69s total=5372s
Progress: 1522/1578 days processed: 2026-03-23
  [TIMING] day=1522 elapsed=2.44s total=5375s
Progress: 1523/1578 days processed: 2026-03-24
  [TIMING] day=1523 elapsed=2.61s total=5377s
Progress: 1524/1578 days processed: 2026-03-25
  [TIMING] day=1524 elapsed=2.52s total=5380s
Progress: 1525/1578 days processed: 2026-03-26
  [TIMING] day=1525 elapsed=2.54s total=5382s
Progress: 1526/1578 days processed: 2026-03-27
  [TIMING] day=1526 elapsed=2.60s total=5385s
Progress: 1527/1578 days processed: 2026-03-30
  [TIMING] day=1527 elapsed=2.58s total=5388s
Progress: 1528/1578 days processed: 2026-03-31
  [TIMING] day=1528 elapsed=2.52s total=5390s
Progress: 1529/1578 days processed: 2026-04-01
  [TIMING] day=1529 elapsed=2.54s total=5393s
Progress: 1530/1578 days processed: 2026-04-02
  [TIMING] day=1530 elapsed=2.56s total=5395s
Progress: 1531/1578 days processed: 2026-04-03
  [TIMING] day=1531 elapsed=2.58s total=5398s
Progress: 1532/1578 days processed: 2026-04-07
  [TIMING] day=1532 elapsed=2.58s total=5400s
Progress: 1533/1578 days processed: 2026-04-08
  [TIMING] day=1533 elapsed=2.54s total=5403s
Progress: 1534/1578 days processed: 2026-04-09
  [TIMING] day=1534 elapsed=2.57s total=5405s
Progress: 1535/1578 days processed: 2026-04-10
  [TIMING] day=1535 elapsed=2.52s total=5408s
Progress: 1536/1578 days processed: 2026-04-13
  [TIMING] day=1536 elapsed=2.55s total=5411s
Progress: 1537/1578 days processed: 2026-04-14
  [TIMING] day=1537 elapsed=2.59s total=5413s
Progress: 1538/1578 days processed: 2026-04-15
  [TIMING] day=1538 elapsed=2.48s total=5416s
Progress: 1539/1578 days processed: 2026-04-16
  [TIMING] day=1539 elapsed=2.57s total=5418s
Progress: 1540/1578 days processed: 2026-04-17
  [TIMING] day=1540 elapsed=2.52s total=5421s
Progress: 1541/1578 days processed: 2026-04-20
  [TIMING] day=1541 elapsed=2.44s total=5423s
Progress: 1542/1578 days processed: 2026-04-21
  [TIMING] day=1542 elapsed=2.44s total=5426s
Progress: 1543/1578 days processed: 2026-04-22
  [TIMING] day=1543 elapsed=2.58s total=5428s
Progress: 1544/1578 days processed: 2026-04-23
  [TIMING] day=1544 elapsed=2.55s total=5431s
Progress: 1545/1578 days processed: 2026-04-24
  [TIMING] day=1545 elapsed=2.52s total=5433s
Progress: 1546/1578 days processed: 2026-04-27
  [TIMING] day=1546 elapsed=2.49s total=5436s
Progress: 1547/1578 days processed: 2026-04-28
  [TIMING] day=1547 elapsed=2.46s total=5438s
Progress: 1548/1578 days processed: 2026-04-29
  [TIMING] day=1548 elapsed=2.57s total=5441s
Progress: 1549/1578 days processed: 2026-04-30
  [TIMING] day=1549 elapsed=2.40s total=5443s
Progress: 1550/1578 days processed: 2026-05-06
  [TIMING] day=1550 elapsed=2.28s total=5445s
Progress: 1551/1578 days processed: 2026-05-07
  [TIMING] day=1551 elapsed=2.37s total=5448s
Progress: 1552/1578 days processed: 2026-05-08
  [TIMING] day=1552 elapsed=2.41s total=5450s
Progress: 1553/1578 days processed: 2026-05-11
  [TIMING] day=1553 elapsed=2.39s total=5453s
Progress: 1554/1578 days processed: 2026-05-12
  [TIMING] day=1554 elapsed=2.48s total=5455s
Progress: 1555/1578 days processed: 2026-05-13
  [TIMING] day=1555 elapsed=2.48s total=5458s
Progress: 1556/1578 days processed: 2026-05-14
  [TIMING] day=1556 elapsed=2.42s total=5460s
Progress: 1557/1578 days processed: 2026-05-15
  [TIMING] day=1557 elapsed=2.37s total=5462s
Progress: 1558/1578 days processed: 2026-05-18
  [TIMING] day=1558 elapsed=2.42s total=5465s
Progress: 1559/1578 days processed: 2026-05-19
  [TIMING] day=1559 elapsed=2.47s total=5467s
Progress: 1560/1578 days processed: 2026-05-20
  [TIMING] day=1560 elapsed=2.30s total=5470s
Progress: 1561/1578 days processed: 2026-05-21
  [TIMING] day=1561 elapsed=2.43s total=5472s
Progress: 1562/1578 days processed: 2026-05-22
  [TIMING] day=1562 elapsed=2.92s total=5475s
Progress: 1563/1578 days processed: 2026-05-25
  [TIMING] day=1563 elapsed=2.77s total=5478s
Progress: 1564/1578 days processed: 2026-05-26
  [TIMING] day=1564 elapsed=2.44s total=5480s
Progress: 1565/1578 days processed: 2026-05-27
  [TIMING] day=1565 elapsed=2.34s total=5482s
Progress: 1566/1578 days processed: 2026-05-28
  [TIMING] day=1566 elapsed=2.24s total=5485s
Progress: 1567/1578 days processed: 2026-05-29
  [TIMING] day=1567 elapsed=2.37s total=5487s
Progress: 1568/1578 days processed: 2026-06-01
  [TIMING] day=1568 elapsed=2.47s total=5490s
Progress: 1569/1578 days processed: 2026-06-02
  [TIMING] day=1569 elapsed=2.23s total=5492s
Progress: 1570/1578 days processed: 2026-06-03
  [TIMING] day=1570 elapsed=2.22s total=5494s
Progress: 1571/1578 days processed: 2026-06-04
  [TIMING] day=1571 elapsed=2.21s total=5496s
Progress: 1572/1578 days processed: 2026-06-05
  [TIMING] day=1572 elapsed=2.17s total=5498s
Progress: 1573/1578 days processed: 2026-06-08
  [TIMING] day=1573 elapsed=1.92s total=5500s
Progress: 1574/1578 days processed: 2026-06-09
  [TIMING] day=1574 elapsed=2.04s total=5502s
Progress: 1575/1578 days processed: 2026-06-10
  [TIMING] day=1575 elapsed=2.15s total=5504s
Progress: 1576/1578 days processed: 2026-06-11
  [TIMING] day=1576 elapsed=2.02s total=5506s
Progress: 1577/1578 days processed: 2026-06-12
  [TIMING] day=1577 elapsed=2.08s total=5509s

[NAV] ✅ 无净值缺失事件，溢价过滤全程正常工作

完整结果已保存: D:\Work Space\他山之石\七星高照ETF轮动\qixing_optimize\runs\p5_01_localization_baseline\localization_baseline_2019-12-06_2026-06-12.json

======================================================================
回测摘要
======================================================================
交易日数: 1578
交易笔数: 609
初始资金: 1,000,000.00
最终权益: 22,064,746.67
总收益: 2106.47%
耗时: 5520.6s
年化收益: 63.26%
最大回撤: -19.29%
Calmar: 3.28
摘要已保存: D:\Work Space\他山之石\七星高照ETF轮动\qixing_optimize\runs\p5_01_localization_baseline\baseline_summary.json
